상가업소번호,brand,상호명,지점명,상권업종대분류코드,상권업종대분류명,상권업종중분류코드,상권업종중분류명,상권업종소분류코드,상권업종소분류명,표준산업분류코드,표준산업분류명,시도코드,시도명,시군구코드,시군구명,행정동코드,행정동명,법정동코드,법정동명,지번코드,지번본번지,지번부번지,지번주소,도로명코드,도로명,도로명주소,층정보,경도,위도,place_id,월간 검색량,블로그누적발행
MA0101202209A0100150,금별맥주,금별맥주,,I2,음식,I211,주점,I21103,생맥주 전문,I56213,생맥주 전문점,11,서울특별시,11470,양천구,11470650,신정4동,1147010100,신정동,1147010100108870008,887.0,8.0,서울특별시 양천구 신정동 887-8,114703114011,서울특별시 양천구 신정중앙로,서울특별시 양천구 신정중앙로 95,1,126.86254735837,37.5266066426121,1265782586,20.0,65.0
MA010120220804156426,금별맥주,금별맥주동양미래대점,,I2,음식,I211,주점,I21103,생맥주 전문,I56219,기타 주점업,11,서울특별시,11530,구로구,11530720,고척1동,1153010600,고척동,1153010600100620134,62.0,134.0,서울특별시 구로구 고척동 62-134,115304148103,서울특별시 구로구 경인로47길,서울특별시 구로구 경인로47길 8,2,126.867221337567,37.5000954582478,1113384749,20.0,48.0
MA010120220808688996,금별맥주,금별맥주양천향교점,,I2,음식,I211,주점,I21103,생맥주 전문,I56213,생맥주 전문점,11,서울특별시,11500,강서구,11500603,가양1동,1150010500,마곡동,1150010500107760000,776.0,,서울특별시 강서구 마곡동 776,115004145568,서울특별시 강서구 마곡동로10길,서울특별시 강서구 마곡동로10길 23,,126.839288211879,37.5686268557028,1320051621,20.0,207.0
MA010120220806941672,금별맥주,금별맥주,,I2,음식,I211,주점,I21103,생맥주 전문,I56213,생맥주 전문점,11,서울특별시,11710,송파구,11710642,문정2동,1171010800,문정동,1171010800106430001,643.0,1.0,서울특별시 송파구 문정동 643-1,117103350849,서울특별시 송파구 법원로,서울특별시 송파구 법원로 114,,127.12008969917,37.4857830326052,1588254549,20.0,133.0
MA010120220809845042,금별맥주,금별맥주,,I2,음식,I211,주점,I21103,생맥주 전문,I56219,기타 주점업,11,서울특별시,11650,서초구,11650520,서초2동,1165010800,서초동,1165010800113270035,1327.0,35.0,서울특별시 서초구 서초동 1327-35,116504163436,서울특별시 서초구 서초대로78길,서울특별시 서초구 서초대로78길 38,2,127.028225109044,37.4945264059653,1494938619,20.0,79.0
MA010120220810164671,금별맥주,금별맥주송정역점,,I2,음식,I211,주점,I21103,생맥주 전문,I56213,생맥주 전문점,11,서울특별시,11500,강서구,11500620,공항동,1150010800,공항동,1150010800100530109,53.0,109.0,서울특별시 강서구 공항동 53-109,115003115006,서울특별시 강서구 송정로,서울특별시 강서구 송정로 68,1,126.809945749117,37.5608166890733,1601981946,20.0,24.0
MA010120220812201759,금별맥주,금별맥주,,I2,음식,I211,주점,I21103,생맥주 전문,I56213,생맥주 전문점,11,서울특별시,11410,서대문구,11410585,신촌동,1141011600,창천동,1141011600100520158,52.0,158.0,서울특별시 서대문구 창천동 52-158,114104136230,서울특별시 서대문구 연세로11길,서울특별시 서대문구 연세로11길 14,1,126.936031317181,37.5590782539114,1161335521,20.0,85.0
MA0101202501A0025382,금별맥주,금별맥주,연신내점,I2,음식,I211,주점,I21103,생맥주 전문,I56213,생맥주 전문점,11,서울특별시,11380,은평구,11380551,갈현1동,1138010400,갈현동,1138010400103990013,399.0,13.0,서울특별시 은평구 갈현동 399-13,113804133160,서울특별시 은평구 연서로29길,서울특별시 은평구 연서로29길 14-6,,126.918977990962,37.6192360457869,1126343564,20.0,30.0
MA0101202503A0041391,금별맥주,금별맥주,성신여대점,I2,음식,I211,주점,I21103,생맥주 전문,I56213,생맥주 전문점,11,서울특별시,11290,성북구,11290575,동선동,1129011600,동선동1가,1129011600100040004,4.0,4.0,서울특별시 성북구 동선동1가 4-4,112904121093,서울특별시 성북구 동소문로20길,서울특별시 성북구 동소문로20길 29-17,1,127.017697549565,37.5916021412138,1632711633,20.0,13.0
MA0101202412A0059403,금별맥주,금별맥주신길,삼거리점,I2,음식,I211,주점,I21103,생맥주 전문,I56111,한식 일반 음식점업,11,서울특별시,11560,영등포구,11560630,신길1동,1156013200,신길동,1156013200100990007,99.0,7.0,서울특별시 영등포구 신길동 99-7,115603118022,서울특별시 영등포구 영등포로,서울특별시 영등포구 영등포로 369,1,126.919374359354,37.514288340194,1516484705,20.0,38.0
MA0101202411A0018154,금별맥주,금별맥주서래,마을점,I2,음식,I211,주점,I21103,생맥주 전문,I56111,한식 일반 음식점업,11,서울특별시,11650,서초구,11650581,반포4동,1165010700,반포동,1165010700100920014,92.0,14.0,서울특별시 서초구 반포동 92-14,116504163329,서울특별시 서초구 사평대로26길,서울특별시 서초구 사평대로26길 26-7,1,126.998552472,37.4990077716969,9650107,20.0,34.0
MA010120220807891737,금별맥주,금별맥주,성수점,I2,음식,I211,주점,I21103,생맥주 전문,I56213,생맥주 전문점,11,서울특별시,11200,성동구,11200690,성수2가3동,1120011500,성수동2가,1120011500102890273,289.0,273.0,서울특별시 성동구 성수동2가 289-273,112004109358,서울특별시 성동구 성수일로10길,서울특별시 성동구 성수일로10길 35,1,127.054112733257,37.5460907915718,1308648776,20.0,44.0
MA010120220805757261,금별맥주,금별맥주,,I2,음식,I211,주점,I21103,생맥주 전문,I56213,생맥주 전문점,11,서울특별시,11620,관악구,11620645,서원동,1162010200,신림동,1162010200116400013,1640.0,13.0,서울특별시 관악구 신림동 1640-13,116203120005,서울특별시 관악구 신림로,서울특별시 관악구 신림로 329,1,126.929436102548,37.4837056225976,1972585179,20.0,90.0
MA0101202409A0199061,금별맥주,금별맥주신정네거리역점,,I2,음식,I211,주점,I21103,생맥주 전문,I56213,생맥주 전문점,11,서울특별시,11470,양천구,11470640,신정3동,1147010100,신정동,1147010100113260000,1326.0,,서울특별시 양천구 신정동 1326,114704142380,서울특별시 양천구 중앙로43길,서울특별시 양천구 중앙로43길 14,,126.851337167736,37.5204212018935,1265782586,20.0,65.0
MA0101202306A0060098,금별맥주,금별맥주,사당역점,I2,음식,I211,주점,I21103,생맥주 전문,I56111,한식 일반 음식점업,11,서울특별시,11650,서초구,11650610,방배2동,1165010100,방배동,1165010100104440016,444.0,16.0,서울특별시 서초구 방배동 444-16,116502005009,서울특별시 서초구 동작대로,서울특별시 서초구 동작대로 18,1,126.982091832167,37.4781030407453,1195530733,20.0,94.0
MA0101202305A0139131,금별맥주,금별맥주,신도림점,I2,음식,I211,주점,I21103,생맥주 전문,I56111,한식 일반 음식점업,11,서울특별시,11530,구로구,11530560,구로5동,1153010200,구로동,1153010200100300000,30.0,,서울특별시 구로구 구로동 30,115304148368,서울특별시 구로구 새말로16길,서울특별시 구로구 새말로16길 15,1,126.890623799341,37.5049668526655,1035417750,20.0,60.0
MA0101202307A0096441,금별맥주,금별맥주종로평창점,,I2,음식,I211,주점,I21103,생맥주 전문,I56213,생맥주 전문점,11,서울특별시,11110,종로구,11110560,평창동,1111018300,평창동,1111018300102890005,289.0,5.0,서울특별시 종로구 평창동 289-5,111103100023,서울특별시 종로구 평창문화로,서울특별시 종로구 평창문화로 29,지,126.964768492308,37.6048607982193,1120915524,60.0,171.0
MA0101202310A0090370,금별맥주,금별맥주,홍제점,I2,음식,I211,주점,I21103,생맥주 전문,I56111,한식 일반 음식점업,11,서울특별시,11410,서대문구,11410640,홍제3동,1141011100,홍제동,1141011100102700001,270.0,1.0,서울특별시 서대문구 홍제동 270-1,114104136193,서울특별시 서대문구 세무서8길,서울특별시 서대문구 세무서8길 30,2,126.946953355238,37.5906004565507,1831537710,20.0,122.0
MA0101202309A0040871,금별맥주,금별맥주,,I2,음식,I211,주점,I21103,생맥주 전문,I56213,생맥주 전문점,11,서울특별시,11650,서초구,11650530,서초3동,1165010800,서초동,1165010800115740004,1574.0,4.0,서울특별시 서초구 서초동 1574-4,116504163414,서울특별시 서초구 서초대로50길,서울특별시 서초구 서초대로50길 19,,127.013162298457,37.4924026676328,1494938619,20.0,79.0
MA0101202311A0031574,금별맥주,금별맥주,홍대점,I2,음식,I211,주점,I21103,생맥주 전문,I56219,기타 주점업,11,서울특별시,11440,마포구,11440660,서교동,1144012000,서교동,1144012000103950018,395.0,18.0,서울특별시 마포구 서교동 395-18,114404139096,서울특별시 마포구 독막로7길,서울특별시 마포구 독막로7길 63,1,126.920082157805,37.5505991589255,1456505357,20.0,161.0
MA0101202311A0006903,금별맥주,금별맥주경희대점,,I2,음식,I211,주점,I21103,생맥주 전문,I56219,기타 주점업,11,서울특별시,11230,동대문구,11230710,회기동,1123010800,회기동,1123010800100600055,60.0,55.0,서울특별시 동대문구 회기동 60-55,112304115019,서울특별시 동대문구 경희대로1길,서울특별시 동대문구 경희대로1길 15,1,127.051247102964,37.5917094718451,9230108,20.0,15.0
MA010120220814163743,금별맥주,금별맥주,길동점,I2,음식,I211,주점,I21103,생맥주 전문,I56213,생맥주 전문점,11,서울특별시,11740,강동구,11740685,길동,1174010500,길동,1174010500104130001,413.0,1.0,서울특별시 강동구 길동 413-1,117404172230,서울특별시 강동구 양재대로111길,서울특별시 강동구 양재대로111길 15,1,127.138569198694,37.5369848644999,1765329714,100.0,272.0
MA0101202212A0039390,금별맥주,올라금별맥주,당산점,I2,음식,I211,주점,I21103,생맥주 전문,I56213,생맥주 전문점,11,서울특별시,11560,영등포구,11560560,당산2동,1156011600,당산동6가,1156011600103320003,332.0,3.0,서울특별시 영등포구 당산동6가 332-3,115604154606,서울특별시 영등포구 양평로12길,서울특별시 영등포구 양평로12길 10-8,1,126.9014756037,37.5349707827803,1005671374,20.0,8.0
MA0101202210A0009834,금별맥주,금별맥주응암,오거리점,I2,음식,I211,주점,I21103,생맥주 전문,I56219,기타 주점업,11,서울특별시,11380,은평구,11380600,응암3동,1138010700,응암동,1138010700105910012,591.0,12.0,서울특별시 은평구 응암동 591-12,113804133226,서울특별시 은평구 응암로13길,서울특별시 은평구 응암로13길 26,1,126.91441400761,37.5888874824481,1109103798,20.0,52.0
MA0101202210A0027366,금별맥주,금별맥주,영등포점,I2,음식,I211,주점,I21103,생맥주 전문,I56213,생맥주 전문점,11,서울특별시,11560,영등포구,11560535,영등포동,1156010400,영등포동3가,1156010400100110018,11.0,18.0,서울특별시 영등포구 영등포동3가 11-18,115604154815,서울특별시 영등포구 영중로4길,서울특별시 영등포구 영중로4길 26,,126.909190336751,37.5176056521633,1654545522,20.0,40.0
MA0101202209A0041617,금별맥주,금별맥주까치산역점,,I2,음식,I211,주점,I21103,생맥주 전문,I56219,기타 주점업,11,서울특별시,11500,강서구,11500540,화곡1동,1150010300,화곡동,1150010300103460003,346.0,3.0,서울특별시 강서구 화곡동 346-3,115003115001,서울특별시 강서구 강서로,서울특별시 강서구 강서로 53,1,126.84592780681,37.5324966958867,9500103,20.0,161.0
MA0101202210A0003451,금별맥주,금별맥주충정로역점,,I2,음식,I211,주점,I21103,생맥주 전문,I56213,생맥주 전문점,11,서울특별시,11140,중구,11140680,중림동,1114017100,중림동,1114017100102000000,200.0,,서울특별시 중구 중림동 200,111403101007,서울특별시 중구 중림로,서울특별시 중구 중림로 10,,126.965175051303,37.5586849982074,1151197342,20.0,32.0
MA0101202302A0105619,금별맥주,금별맥주등촌역점,,I2,음식,I211,주점,I21103,생맥주 전문,I56213,생맥주 전문점,11,서울특별시,11470,양천구,11470530,목3동,1147010200,목동,1147010200106090024,609.0,24.0,서울특별시 양천구 목동 609-24,114704142195,서울특별시 양천구 목동중앙북로7가길,서울특별시 양천구 목동중앙북로7가길 14,1,126.866648367973,37.5488119774785,1480935223,60.0,403.02
MA0101202303A0071486,금별맥주,금별맥주강서,구청점,I2,음식,I211,주점,I21103,생맥주 전문,I56213,생맥주 전문점,11,서울특별시,11500,강서구,11500591,화곡6동,1150010300,화곡동,1150010300111190010,1119.0,10.0,서울특별시 강서구 화곡동 1119-10,115004145190,서울특별시 강서구 공항대로46길,서울특별시 강서구 공항대로46길 77,1,126.851488266646,37.5526141131673,1294998541,20.0,161.0
MA0101202305A0064259,금별맥주,금별맥주,오목교점,I2,음식,I211,주점,I21103,생맥주 전문,I56213,생맥주 전문점,11,서울특별시,11470,양천구,11470510,목1동,1147010200,목동,1147010200104060184,406.0,184.0,서울특별시 양천구 목동 406-184,114703114014,서울특별시 양천구 오목로,서울특별시 양천구 오목로 331,1,126.874315727105,37.524889829564,1164697805,60.0,403.02
MA0101202305A0172560,금별맥주,금별맥주묵동,자이점,I2,음식,I211,주점,I21103,생맥주 전문,I56213,생맥주 전문점,11,서울특별시,11260,중랑구,11260620,묵1동,1126010400,묵동,1126010400101640004,164.0,4.0,서울특별시 중랑구 묵동 164-4,112603106006,서울특별시 중랑구 숙선옹주로,서울특별시 중랑구 숙선옹주로 6-9,1,127.078049911879,37.6150034054531,1460937600,20.0,86.0
MA0101202305A0049354,금별맥주,금별맥주,,I2,음식,I211,주점,I21103,생맥주 전문,I56219,기타 주점업,11,서울특별시,11710,송파구,11710562,방이2동,1171011100,방이동,1171011100100590010,59.0,10.0,서울특별시 송파구 방이동 59-10,117104169374,서울특별시 송파구 오금로11길,서울특별시 송파구 오금로11길 24,1,127.109820488336,37.5148774863964,1826878021,120.0,375.96
MA0101202303A0116482,금별맥주,금별맥주,구로디지털단지점,I2,음식,I211,주점,I21103,생맥주 전문,I56113,한식 육류 요리 전문점,11,서울특별시,11530,구로구,11530540,구로3동,1153010200,구로동,1153010200111240038,1124.0,38.0,서울특별시 구로구 구로동 1124-38,115304148338,서울특별시 구로구 디지털로32나길,서울특별시 구로구 디지털로32나길 22,,126.900751127938,37.4839913515492,1035417750,20.0,60.0
MA0101202305A0038991,금별맥주,금별맥주,화곡점,I2,음식,I211,주점,I21103,생맥주 전문,I56213,생맥주 전문점,11,서울특별시,11500,강서구,11500590,화곡본동,1150010300,화곡동,1150010300100980235,98.0,235.0,서울특별시 강서구 화곡동 98-235,115003005069,서울특별시 강서구 화곡로,서울특별시 강서구 화곡로 194-52,1,126.843259666149,37.5423861595893,1778168403,20.0,161.0
MA0101202302A0018641,금별맥주,금별맥주,응암점,I2,음식,I211,주점,I21103,생맥주 전문,I56213,생맥주 전문점,11,서울특별시,11380,은평구,11380580,응암1동,1138010700,응암동,1138010700100870018,87.0,18.0,서울특별시 은평구 응암동 87-18,113803005055,서울특별시 은평구 응암로,서울특별시 은평구 응암로 338,1,126.92259865912,37.6012096852962,1269875819,20.0,52.0
MA0101202302A0081428,금별맥주,금별맥주,천호점,I2,음식,I211,주점,I21103,생맥주 전문,I56213,생맥주 전문점,11,서울특별시,11740,강동구,11740610,천호2동,1174010900,천호동,1174010900104120002,412.0,2.0,서울특별시 강동구 천호동 412-2,117404172367,서울특별시 강동구 천호대로157길,서울특별시 강동구 천호대로157길 51,1,127.127655867536,37.5400335347348,1058646920,40.0,222.0
MA010120220809684207,금별맥주,금별맥주,,I2,음식,I211,주점,I21103,생맥주 전문,I56213,생맥주 전문점,11,서울특별시,11500,강서구,11500603,가양1동,1150010500,마곡동,1150010500107970009,797.0,9.0,서울특별시 강서구 마곡동 797-9,115003155054,서울특별시 강서구 마곡중앙6로,서울특별시 강서구 마곡중앙6로 70,1,126.834847768473,37.5598540428783,1249032365,20.0,207.0
MA0101202210A0020762,금별맥주,금별맥주,종로점,I2,음식,I211,주점,I21103,생맥주 전문,I56213,생맥주 전문점,11,서울특별시,11110,종로구,11110615,종로1.2.3.4가동,1111013500,관철동,1111013500100190004,19.0,4.0,서울특별시 종로구 관철동 19-4,111104100307,서울특별시 종로구 종로12길,서울특별시 종로구 종로12길 18,2,126.985567732937,37.5692579390109,1754035019,20.0,20.0
MA0101202211A0097249,금별맥주,금별맥주점,마곡나루역,I2,음식,I211,주점,I21103,생맥주 전문,I56213,생맥주 전문점,11,서울특별시,11500,강서구,11500603,가양1동,1150010500,마곡동,1150010500107600002,760.0,2.0,서울특별시 강서구 마곡동 760-2,115003155045,서울특별시 강서구 마곡중앙로,서울특별시 강서구 마곡중앙로 161-1,1,126.827461226472,37.5678893675651,1538729455,20.0,207.0
MA010120220813360855,금별맥주,금별맥주마곡역점,,I2,음식,I211,주점,I21103,생맥주 전문,I56219,기타 주점업,11,서울특별시,11500,강서구,11500611,발산1동,1150010500,마곡동,1150010500107990002,799.0,2.0,서울특별시 강서구 마곡동 799-2,115002005007,서울특별시 강서구 공항대로,서울특별시 강서구 공항대로 190,1,126.828636069523,37.5590342941861,1249032365,20.0,207.0
MA0101202210A0045520,금별맥주,금별맥주,건대점,I2,음식,I211,주점,I21103,생맥주 전문,I56123,서양식 음식점업,11,서울특별시,11215,광진구,11215710,화양동,1121510700,화양동,1121510700100090088,9.0,88.0,서울특별시 광진구 화양동 9-88,112154112197,서울특별시 광진구 동일로22길,서울특별시 광진구 동일로22길 85,2,127.068898196838,37.5412627441633,1160722316,20.0,118.0
MA0101202210A0082126,금별맥주,금별맥주,,I2,음식,I211,주점,I21103,생맥주 전문,I56213,생맥주 전문점,11,서울특별시,11590,동작구,11590630,사당2동,1159010700,사당동,1159010700101380000,138.0,,서울특별시 동작구 사당동 138,115904157121,서울특별시 동작구 동작대로27나길,서울특별시 동작구 동작대로27나길 21,,126.98067643424,37.4866083409141,1195530733,20.0,35.0
MA010120220809880201,금별맥주,금별맥주마포,구청점,I2,음식,I211,주점,I21103,생맥주 전문,I56213,생맥주 전문점,11,서울특별시,11440,마포구,11440730,성산2동,1144012500,성산동,1144012500105920002,592.0,2.0,서울특별시 마포구 성산동 592-2,114404139505,서울특별시 마포구 월드컵로34길,서울특별시 마포구 월드컵로34길 6,,126.9030552345,37.5645518603248,1117014686,20.0,45.0
MA0101202209A0035602,금별맥주,금별맥주,구의점,I2,음식,I211,주점,I21103,생맥주 전문,I56123,서양식 음식점업,11,서울특별시,11215,광진구,11215850,구의1동,1121510300,구의동,1121510300102570093,257.0,93.0,서울특별시 광진구 구의동 257-93,112154112421,서울특별시 광진구 자양로18길,서울특별시 광진구 자양로18길 41,1,127.085923914102,37.5380890738785,9215103,20.0,99.0
MA010120220810424872,금별맥주,금별맥주,,I2,음식,I211,주점,I21103,생맥주 전문,I56213,생맥주 전문점,11,서울특별시,11680,강남구,11680510,신사동,1168010700,신사동,1168010700105170006,517.0,6.0,서울특별시 강남구 신사동 517-6,116804166515,서울특별시 강남구 압구정로2길,서울특별시 강남구 압구정로2길 49,1,127.021198277901,37.5186838225239,1390537313,30.0,474.0
MA0101202209A0062760,금별맥주,금별맥주영통,구청점,I2,음식,I211,주점,I21103,생맥주 전문,I56213,생맥주 전문점,41,경기도,41117,수원시 영통구,41117530,매탄3동,4111710100,매탄동,4111710100112630005,1263.0,5.0,경기도 수원시 영통구 매탄동 1263-5,411174331069,경기도 수원시 영통구 매탄로100번길,경기도 수원시 영통구 매탄로100번길 7-10,1,127.044054637859,37.2597054822986,1516621298,20.0,138.0
MA0101202209A0063723,금별맥주,금별맥주시흥,은계점,I2,음식,I211,주점,I21103,생맥주 전문,I56213,생맥주 전문점,41,경기도,41390,시흥시,41390540,은행동,4139010600,은행동,4139010600106440000,644.0,,경기도 시흥시 은행동 644,413903351838,경기도 시흥시 은계남로,경기도 시흥시 은계남로 12,,126.80174231903,37.4359329208959,1479645620,20.0,56.0
MA010120220807074853,금별맥주,금별맥주평내호평역점,,I2,음식,I211,주점,I21103,생맥주 전문,I56219,기타 주점업,41,경기도,41360,남양주시,41360510,호평동,4136010100,호평동,4136010100106540003,654.0,3.0,경기도 남양주시 호평동 654-3,413604391782,경기도 남양주시 호평로46번안길,경기도 남양주시 호평로46번안길 8-8,1,127.245719880238,37.654704977253,1384001087,30.0,126.99
MA010120220812130051,금별맥주,금별맥주수원,탑동점,I2,음식,I211,주점,I21103,생맥주 전문,I56213,생맥주 전문점,41,경기도,41113,수원시 권선구,41113560,서둔동,4111313300,탑동,4111313300108610001,861.0,1.0,경기도 수원시 권선구 탑동 861-1,411133175047,경기도 수원시 권선구 하탑로,경기도 수원시 권선구 하탑로 30,1,126.974903486039,37.268613314708,1866157196,40.0,96.0
MA010120220811500121,금별맥주,금별맥주,서현점,I2,음식,I211,주점,I21103,생맥주 전문,I56213,생맥주 전문점,41,경기도,41135,성남시 분당구,41135580,서현1동,4113510500,서현동,4113510500102470002,247.0,2.0,경기도 성남시 분당구 서현동 247-2,411354340477,경기도 성남시 분당구 황새울로360번길,경기도 성남시 분당구 황새울로360번길 24,,127.125293967665,37.3859901772794,1821667598,20.0,42.0
MA010120220808091315,금별맥주,금별맥주용인역북점,,I2,음식,I211,주점,I21103,생맥주 전문,I56219,기타 주점업,41,경기도,41461,용인시 처인구,41461525,역북동,4146110200,역북동,4146110200107540001,754.0,1.0,경기도 용인시 처인구 역북동 754-1,414613205043,경기도 용인시 처인구 명지로40번길,경기도 용인시 처인구 명지로40번길 15-9,,127.186655620565,37.2316432043738,1326207551,20.0,75.0
MA010120220806894330,금별맥주,금별맥주,,I2,음식,I211,주점,I21103,생맥주 전문,I56213,생맥주 전문점,41,경기도,41117,수원시 영통구,41117585,영통3동,4111710500,영통동,4111710500110100002,1010.0,2.0,경기도 수원시 영통구 영통동 1010-2,411174331172,경기도 수원시 영통구 청명남로34번길,경기도 수원시 영통구 청명남로34번길 8,,127.075927122121,37.2523548416823,1119031588,20.0,819.0
MA010120220803080313,금별맥주,금별맥주,,I2,음식,I211,주점,I21103,생맥주 전문,I56213,생맥주 전문점,41,경기도,41135,성남시 분당구,41135550,정자1동,4113510300,정자동,4113510300101590004,159.0,4.0,경기도 성남시 분당구 정자동 159-4,411353180021,경기도 성남시 분당구 정자일로,경기도 성남시 분당구 정자일로 162,1,127.106304865559,37.3646274538427,1175386565,20.0,218.0
MA010120220805090548,금별맥주,금별맥주,백석점,I2,음식,I211,주점,I21103,생맥주 전문,I56213,생맥주 전문점,41,경기도,41285,고양시 일산동구,41285551,백석1동,4128510600,백석동,4128510600112820010,1282.0,10.0,경기도 고양시 일산동구 백석동 1282-10,412854379008,경기도 고양시 일산동구 강송로73번길,경기도 고양시 일산동구 강송로73번길 53-9,1,126.788486900155,37.6446982952196,1548256786,20.0,144.0
MA010120220803352003,금별맥주,금별맥주,,I2,음식,I211,주점,I21103,생맥주 전문,I56219,기타 주점업,41,경기도,41271,안산시 상록구,41271560,본오3동,4127110400,본오동,4127110400108790006,879.0,6.0,경기도 안산시 상록구 본오동 879-6,412713190036,경기도 안산시 상록구 샘골로,경기도 안산시 상록구 샘골로 165,,126.862918180897,37.2986312977312,1473371787,20.0,271.0
MA010120220808636259,금별맥주,금별맥주,,I2,음식,I211,주점,I21103,생맥주 전문,I56213,생맥주 전문점,41,경기도,41220,평택시,41220256,포승읍,4122025622,포승읍,4122025622111450008,1145.0,8.0,경기도 평택시 포승읍 도곡리 1145-8,412203188064,경기도 평택시 포승읍 여술로,경기도 평택시 포승읍 여술로 28,,126.845763132964,36.9882401860057,1736872254,20.0,30.0
MA010120220806437848,금별맥주,금별맥주,용인보정점,I2,음식,I211,주점,I21103,생맥주 전문,I56213,생맥주 전문점,41,경기도,41463,용인시 기흥구,41463590,보정동,4146311800,보정동,4146311800112620000,1262.0,,경기도 용인시 기흥구 보정동 1262,414633204056,경기도 용인시 기흥구 죽현로,경기도 용인시 기흥구 죽현로 8-20,1,127.109660214903,37.3198702410319,1504742739,50.0,166.0
MA010120220811967626,금별맥주,금별맥주,야당점,I2,음식,I211,주점,I21103,생맥주 전문,I56219,기타 주점업,41,경기도,41480,파주시,41480570,운정3동,4148010800,야당동,4148010800110850000,1085.0,,경기도 파주시 야당동 1085,414803206150,경기도 파주시 소리천로,경기도 파주시 소리천로 29,1,126.761302931415,37.7158596126456,1987203694,20.0,56.0
MA010120220805986182,금별맥주,금별맥주다산점,,I2,음식,I211,주점,I21103,생맥주 전문,I56213,생맥주 전문점,41,경기도,41360,남양주시,41360545,다산1동,4136011200,다산동,4136011200160610000,6061.0,,경기도 남양주시 다산동 6061,413603351600,경기도 남양주시 다산중앙로123번길,경기도 남양주시 다산중앙로123번길 22-56,,127.151215607533,37.6249422977812,2360112,20.0,268.0
MA010120220813553585,금별맥주,금별맥주,산본역점,I2,음식,I211,주점,I21103,생맥주 전문,I56213,생맥주 전문점,41,경기도,41410,군포시,41410620,광정동,4141010400,산본동,4141010400111290000,1129.0,,경기도 군포시 산본동 1129,414104400232,경기도 군포시 산본로323번길,경기도 군포시 산본로323번길 4-7,1,126.932871035193,37.3596644854389,1005285987,20.0,33.0
MA0101202503A0073275,금별맥주,금별맥주,,I2,음식,I211,주점,I21103,생맥주 전문,I56111,한식 일반 음식점업,41,경기도,41390,시흥시,41390630,연성동,4139012900,장현동,4139012900105320001,532.0,1.0,경기도 시흥시 장현동 532-1,413904397392,경기도 시흥시 시청로80번길,경기도 시흥시 시청로80번길 20,1,126.80077710278,37.38228465196,2035205067,20.0,17.0
MA0101202501A0019465,금별맥주,금별맥주,수원대점,I2,음식,I211,주점,I21103,생맥주 전문,I56111,한식 일반 음식점업,41,경기도,41590,화성시,41590253,봉담읍,4159025325,봉담읍,4159025325100430003,43.0,3.0,경기도 화성시 봉담읍 와우리 43-3,415904430997,경기도 화성시 봉담읍 와우안길,경기도 화성시 봉담읍 와우안길 22,1,126.978898400917,37.2144702651746,1878005111,20.0,49.0
MA010120220803422494,금별맥주,금별맥주오산궐동점,,I2,음식,I211,주점,I21103,생맥주 전문,I56219,기타 주점업,41,경기도,41370,오산시,41370530,남촌동,4137010400,궐동,4137010400106800002,680.0,2.0,경기도 오산시 궐동 680-2,413704394023,경기도 오산시 궐동로7번길,경기도 오산시 궐동로7번길 3-3,,127.054701957842,37.1583058349028,1206922924,40.0,121.0
MA010120220810535733,금별맥주,금별맥주,구래점,I2,음식,I211,주점,I21103,생맥주 전문,I56213,생맥주 전문점,41,경기도,41570,김포시,41570570,구래동,4157010900,구래동,4157010900168820008,6882.0,8.0,경기도 김포시 구래동 6882-8,415704838103,경기도 김포시 김포한강9로75번길,경기도 김포시 김포한강9로75번길 38,1,126.623436321819,37.6436021848696,1473086261,220.0,496.1
MA010120220802514771,금별맥주,금별맥주,화정점,I2,음식,I211,주점,I21103,생맥주 전문,I56219,기타 주점업,41,경기도,41281,고양시 덕양구,41281622,화정2동,4128112300,화정동,4128112300109830001,983.0,1.0,경기도 고양시 덕양구 화정동 983-1,412814376366,경기도 고양시 덕양구 화신로272번길,경기도 고양시 덕양구 화신로272번길 29,,126.831243412251,37.6323696645225,1649261391,40.0,217.0
MA0101202502A0050707,금별맥주,금별맥주,,I2,음식,I211,주점,I21103,생맥주 전문,I56213,생맥주 전문점,41,경기도,41273,안산시 단원구,41273535,호수동,4127310100,고잔동,4127310100107700013,770.0,13.0,경기도 안산시 단원구 고잔동 770-13,412733191003,경기도 안산시 단원구 광덕2로,경기도 안산시 단원구 광덕2로 185-14,1,126.831423032979,37.3109438174826,1636872723,60.0,279.0
MA0101202411A0116006,금별맥주,금별맥주금정역점,,I2,음식,I211,주점,I21103,생맥주 전문,I56213,생맥주 전문점,41,경기도,41410,군포시,41410540,산본1동,4141010400,산본동,4141010400102590010,259.0,10.0,경기도 군포시 산본동 259-10,414104400072,경기도 군포시 군포로745번길,경기도 군포시 군포로745번길 3,1,126.942513244688,37.3713558789002,2075104976,20.0,33.0
MA010120220801828850,금별맥주,금별맥주라페,스타점,I2,음식,I211,주점,I21103,생맥주 전문,I56114,한식 해산물 요리 전문점,41,경기도,41285,고양시 일산동구,41285590,장항2동,4128510400,장항동,4128510400107360005,736.0,5.0,경기도 고양시 일산동구 장항동 736-5,412853012034,경기도 고양시 일산동구 고봉로,경기도 고양시 일산동구 고봉로 32-30,1,126.766434215964,37.6637034272036,1609455973,20.0,59.0
MA0101202406A0455558,금별맥주,금별맥주,호매실점,I2,음식,I211,주점,I21103,생맥주 전문,I56213,생맥주 전문점,41,경기도,41113,수원시 권선구,41113662,금곡동,4111313400,금곡동,4111313400110900009,1090.0,9.0,경기도 수원시 권선구 금곡동 1090-9,411134331203,경기도 수원시 권선구 금곡로102번길,경기도 수원시 권선구 금곡로102번길 49-8,1,126.942442260887,37.2720529705995,1176057446,20.0,69.0
MA0101202406A0069106,금별맥주,금별맥주김포라베니체점,,I2,음식,I211,주점,I21103,생맥주 전문,I56213,생맥주 전문점,41,경기도,41570,김포시,41570560,장기동,4157010400,장기동,4157010400120290009,2029.0,9.0,경기도 김포시 장기동 2029-9,415703209024,경기도 김포시 김포한강4로,경기도 김포시 김포한강4로 8,,126.678577596093,37.6394946528046,1067019539,60.0,267.0
MA0101202406A0575578,금별맥주,금별맥주,광명역점,I2,음식,I211,주점,I21103,생맥주 전문,I56111,한식 일반 음식점업,41,경기도,41210,광명시,41210655,일직동,4121010600,일직동,4121010600105120003,512.0,3.0,경기도 광명시 일직동 512-3,412103187066,경기도 광명시 양지로,경기도 광명시 양지로 19,,126.882615259251,37.4190116846553,1418180719,90.0,522.99
MA010120220802688089,금별맥주,금별맥주광명,철산점,I2,음식,I211,주점,I21103,생맥주 전문,I56219,기타 주점업,41,경기도,41210,광명시,41210610,철산3동,4121010200,철산동,4121010200104070000,407.0,,경기도 광명시 철산동 407,412104361246,경기도 광명시 오리로856번길,경기도 광명시 오리로856번길 11,1,126.868056533919,37.4753277011934,2210102,50.0,63.0
MA010120220812670114,금별맥주,금별맥주안산,중앙점,I2,음식,I211,주점,I21103,생맥주 전문,I56213,생맥주 전문점,41,경기도,41273,안산시 단원구,41273532,중앙동,4127310100,고잔동,4127310100105390018,539.0,18.0,경기도 안산시 단원구 고잔동 539-18,412734373015,경기도 안산시 단원구 고잔1길,경기도 안산시 단원구 고잔1길 45,,126.838525133154,37.3183962578105,1473371787,60.0,279.0
MA0101202406A0091145,금별맥주,금별맥주,성균관대역점,I2,음식,I211,주점,I21103,생맥주 전문,I56111,한식 일반 음식점업,41,경기도,41111,수원시 장안구,41111566,율천동,4111113200,율전동,4111113200104330081,433.0,81.0,경기도 수원시 장안구 율전동 433-81,411114322425,경기도 수원시 장안구 화산로233번길,경기도 수원시 장안구 화산로233번길 59,1,126.970224683155,37.2971931956043,1786518367,30.0,135.0
MA0101202406A0012044,금별맥주,금별맥주송내역점,,I2,음식,I211,주점,I21103,생맥주 전문,I56213,생맥주 전문점,41,경기도,41192,부천시 원미구,41192680,상1동,4119210900,상동,4119210900104130000,413.0,,경기도 부천시 원미구 상동 413,411923000019,경기도 부천시 원미구 부일로,경기도 부천시 원미구 부일로 203,,126.752460265942,37.4891347088336,1589643697,20.0,338.0
MA0101202406A0280662,금별맥주,금별맥주동탄,영천점,I2,음식,I211,주점,I21103,생맥주 전문,I56111,한식 일반 음식점업,41,경기도,41590,화성시,41590590,동탄5동,4159013100,영천동,4159013100107010009,701.0,9.0,경기도 화성시 영천동 701-9,415904852414,경기도 화성시 지산2길,경기도 화성시 지산2길 12-18,1,127.11275004778,37.2054890781619,1689318282,20.0,35.0
MA0101202406A0467177,금별맥주,금별맥주파주,금촌점,I2,음식,I211,주점,I21103,생맥주 전문,I56111,한식 일반 음식점업,41,경기도,41480,파주시,41480510,금촌1동,4148010100,금촌동,4148010100109440029,944.0,29.0,경기도 파주시 금촌동 944-29,414803206113,경기도 파주시 번영로,경기도 파주시 번영로 18-1,2,126.771472027893,37.757882892547,1793190651,20.0,25.0
MA010120220811507509,금별맥주,금별맥주김포걸포점,,I2,음식,I211,주점,I21103,생맥주 전문,I56213,생맥주 전문점,41,경기도,41570,김포시,41570515,김포본동,4157010200,걸포동,4157010200115950000,1595.0,,경기도 김포시 걸포동 1595,415703209005,경기도 김포시 걸포2로,경기도 김포시 걸포2로 83,1,126.701036956446,37.6330305918649,1246713796,60.0,97.98
MA010120220812019681,금별맥주,금별맥주신,중동점,I2,음식,I211,주점,I21103,생맥주 전문,I56219,기타 주점업,41,경기도,41192,부천시 원미구,41192630,중1동,4119210800,중동,4119210800111300015,1130.0,15.0,경기도 부천시 원미구 중동 1130-15,411924352477,경기도 부천시 원미구 조마루로297번길,경기도 부천시 원미구 조마루로297번길 25,,126.776357999387,37.4986969788042,1464102670,30.0,44.010000000000005
MA0101202306A0109718,금별맥주,금별맥주기흥,구청점,I2,음식,I211,주점,I21103,생맥주 전문,I56219,기타 주점업,41,경기도,41463,용인시 기흥구,41463520,구갈동,4146310200,구갈동,4146310200103530007,353.0,7.0,경기도 용인시 기흥구 구갈동 353-7,414634412044,경기도 용인시 기흥구 구갈로72번길,경기도 용인시 기흥구 구갈로72번길 10-1,,127.112455747573,37.2803932217207,1955908512,20.0,23.0
MA0101202307A0093111,금별맥주,금별맥주동탄,호수공원점,I2,음식,I211,주점,I21103,생맥주 전문,I56213,생맥주 전문점,41,경기도,41590,화성시,41590610,동탄7동,4159013500,산척동,4159013500107270006,727.0,6.0,경기도 화성시 산척동 727-6,415904852341,경기도 화성시 동탄대로6길,경기도 화성시 동탄대로6길 19,2,127.109013588057,37.1687295946038,1203012249,20.0,17.0
MA0101202308A0087702,금별맥주,금별맥주한대앞역점,,I2,음식,I211,주점,I21103,생맥주 전문,I56219,기타 주점업,41,경기도,41271,안산시 상록구,41271515,이동,4127110200,이동,4127110200107150002,715.0,2.0,경기도 안산시 상록구 이동 715-2,412713190010,경기도 안산시 상록구 광덕1로,경기도 안산시 상록구 광덕1로 379,,126.85124750668,37.308654738481,1473371787,20.0,160.0
MA0101202308A0022228,금별맥주,금별맥주,수지구청점,I2,음식,I211,주점,I21103,생맥주 전문,I56219,기타 주점업,41,경기도,41465,용인시 수지구,41465510,풍덕천1동,4146510100,풍덕천동,4146510100107090006,709.0,6.0,경기도 용인시 수지구 풍덕천동 709-6,414654415162,경기도 용인시 수지구 풍덕천로147번길,경기도 용인시 수지구 풍덕천로147번길 11,1,127.096568627837,37.3251166501968,1302373002,20.0,60.0
MA0101202308A0053061,금별맥주,금별맥주수원망포역점,,I2,음식,I211,주점,I21103,생맥주 전문,I56213,생맥주 전문점,41,경기도,41117,수원시 영통구,41117580,영통2동,4111710500,영통동,4111710500109740001,974.0,1.0,경기도 수원시 영통구 영통동 974-1,411174331137,경기도 수원시 영통구 영통로214번길,경기도 수원시 영통구 영통로214번길 41,1,127.059465789208,37.2466966846554,1520786739,20.0,819.0
MA0101202310A0087078,금별맥주,금별맥주파주초롱꽃,마을점,I2,음식,I211,주점,I21103,생맥주 전문,I56213,생맥주 전문점,41,경기도,41480,파주시,41480600,운정6동,4148011300,동패동,4148011300120800001,2080.0,1.0,경기도 파주시 동패동 2080-1,414803353306,경기도 파주시 초롱꽃로,경기도 파주시 초롱꽃로 139,,126.719657199474,37.712623555394,1987203694,20.0,42.0
MA0101202311A0011778,금별맥주,금별맥주인덕원역점,,I2,음식,I211,주점,I21103,생맥주 전문,I56213,생맥주 전문점,41,경기도,41173,안양시 동안구,41173559,인덕원동,4117310200,관양동,4117310200114890015,1489.0,15.0,경기도 안양시 동안구 관양동 1489-15,411734349178,경기도 안양시 동안구 인덕원로24번길,경기도 안양시 동안구 인덕원로24번길 19,1,126.975356221959,37.4013713636096,1795457581,20.0,41.0
MA0101202311A0019409,금별맥주,금별맥주,,I2,음식,I211,주점,I21103,생맥주 전문,I56219,기타 주점업,41,경기도,41220,평택시,41220660,고덕동,4122012800,고덕동,4122012800126800005,2680.0,5.0,경기도 평택시 고덕동 2680-5,412204860296,경기도 평택시 함박산7길,경기도 평택시 함박산7길 21,1,127.034832861504,37.0376964539247,1010789905,20.0,30.0
MA010120220803111386,금별맥주,금별맥주,파주문산점,I2,음식,I211,주점,I21103,생맥주 전문,I56219,기타 주점업,41,경기도,41480,파주시,41480250,문산읍,4148025022,문산읍,4148025022108910000,891.0,,경기도 파주시 문산읍 당동리 891,414803206035,경기도 파주시 문산읍 방촌로,경기도 파주시 문산읍 방촌로 1719-57,,126.784250203737,37.8670758971672,1187925231,20.0,27.0
MA0101202212A0007030,금별맥주,금별맥주,,I2,음식,I211,주점,I21103,생맥주 전문,I56213,생맥주 전문점,41,경기도,41113,수원시 권선구,41113540,세류3동,4111312600,세류동,4111312600108620000,862.0,,경기도 수원시 권선구 세류동 862,411133175031,경기도 수원시 권선구 세지로,경기도 수원시 권선구 세지로 73,1,127.017461519349,37.2585770766404,1877974128,40.0,112.0
MA0101202209A0048955,금별맥주,금별맥주북,수원점,I2,음식,I211,주점,I21103,생맥주 전문,I56213,생맥주 전문점,41,경기도,41111,수원시 장안구,41111591,송죽동,4111113500,송죽동,4111113500105000034,500.0,34.0,경기도 수원시 장안구 송죽동 500-34,411114322036,경기도 수원시 장안구 경수대로927번길,경기도 수원시 장안구 경수대로927번길 16,,127.008030747135,37.3012783651272,2111135,20.0,46.0
MA0101202302A0068169,금별맥주,금별맥주화서점,,I2,음식,I211,주점,I21103,생맥주 전문,I56219,기타 주점업,41,경기도,41115,수원시 팔달구,41115680,화서1동,4111513800,화서동,4111513800102090028,209.0,28.0,경기도 수원시 팔달구 화서동 209-28,411153176020,경기도 수원시 팔달구 화양로,경기도 수원시 팔달구 화양로 26-1,1,126.997496714494,37.280653849986,1118110136,20.0,45.0
MA0101202302A0059959,금별맥주,금별맥주구리갈매아너시티점,,I2,음식,I211,주점,I21103,생맥주 전문,I56219,기타 주점업,41,경기도,41310,구리시,41310510,갈매동,4131010100,갈매동,4131010100105520006,552.0,6.0,경기도 구리시 갈매동 552-6,413104857375,경기도 구리시 갈매순환로166번길,경기도 구리시 갈매순환로166번길 45,B117,127.123319932577,37.6347234146513,2310101,20.0,46.0
MA0101202306A0026800,금별맥주,금별맥주,,I2,음식,I211,주점,I21103,생맥주 전문,I56219,기타 주점업,41,경기도,41590,화성시,41590259,향남읍,4159025926,향남읍,4159025926114720005,1472.0,5.0,경기도 화성시 향남읍 하길리 1472-5,415904848211,경기도 화성시 향남읍 상신하길로298번길,경기도 화성시 향남읍 상신하길로298번길 7-13,,126.911529363144,37.1154309640656,1687464008,20.0,38.0
MA0101202306A0033644,금별맥주,금별맥주,미금점,I2,음식,I211,주점,I21103,생맥주 전문,I56213,생맥주 전문점,41,경기도,41135,성남시 분당구,41135665,구미1동,4113511400,구미동,4113511400100410002,41.0,2.0,경기도 성남시 분당구 구미동 41-2,411354340135,경기도 성남시 분당구 미금일로86번길,경기도 성남시 분당구 미금일로86번길 20,1,127.110479563949,37.3478014419507,1175386565,20.0,19.0
MA0101202303A0094556,금별맥주,금별맥주화성,병점점,I2,음식,I211,주점,I21103,생맥주 전문,I56213,생맥주 전문점,41,경기도,41590,화성시,41590520,진안동,4159011600,진안동,4159011600108760003,876.0,3.0,경기도 화성시 진안동 876-3,415903012007,경기도 화성시 효행로,경기도 화성시 효행로 1044-1,1,127.041583113148,37.2136629114819,1106422894,20.0,18.0
MA0101202305A0022042,금별맥주,금별맥주목감역점,,I2,음식,I211,주점,I21103,생맥주 전문,I56213,생맥주 전문점,41,경기도,41390,시흥시,41390570,목감동,4139012600,목감동,4139012600104120001,412.0,1.0,경기도 시흥시 목감동 412-1,413904853498,경기도 시흥시 남왕길,경기도 시흥시 남왕길 48-30,1,126.862810219422,37.3828324047649,1951767302,20.0,40.0
MA0101202305A0169307,금별맥주,금별맥주,원흥점,I2,음식,I211,주점,I21103,생맥주 전문,I56213,생맥주 전문점,41,경기도,41281,고양시 덕양구,41281530,흥도동,4128110400,원흥동,4128110400106280000,628.0,,경기도 고양시 덕양구 원흥동 628,412813192101,경기도 고양시 덕양구 권율대로,경기도 고양시 덕양구 권율대로 668,1,126.873902144931,37.6494515640143,1015428518,20.0,13.0
MA0101202305A0094006,금별맥주,금별맥주,,I2,음식,I211,주점,I21103,생맥주 전문,I56213,생맥주 전문점,41,경기도,41480,파주시,41480560,운정2동,4148011700,목동동,4148011700109290000,929.0,,경기도 파주시 목동동 929,414804853905,경기도 파주시 청암로17번길,경기도 파주시 청암로17번길 39,,126.735838240826,37.7293829198776,1576018495,20.0,22.0
MA0101202305A0138942,금별맥주,금별맥주시흥,정왕점,I2,음식,I211,주점,I21103,생맥주 전문,I56213,생맥주 전문점,41,경기도,41390,시흥시,41390593,정왕3동,4139013200,정왕동,4139013200118610004,1861.0,4.0,경기도 시흥시 정왕동 1861-4,413904397476,경기도 시흥시 옥구상가2길,경기도 시흥시 옥구상가2길 4,,126.723999011973,37.3539193430361,1325790626,80.0,1350.96
MA0101202303A0083989,금별맥주,금별맥주시흥능곡역점,,I2,음식,I211,주점,I21103,생맥주 전문,I56213,생맥주 전문점,41,경기도,41390,시흥시,41390640,능곡동,4139011800,능곡동,4139011800109000001,900.0,1.0,경기도 시흥시 능곡동 900-1,413904855408,경기도 시흥시 능곡번영길,경기도 시흥시 능곡번영길 33,1,126.806816950779,37.3694550841865,1369695595,20.0,42.0
MA010120220809955376,금별맥주,금별맥주의정부역점,,I2,음식,I211,주점,I21103,생맥주 전문,I56123,서양식 음식점업,41,경기도,41150,의정부시,41150510,의정부1동,4115010100,의정부동,4115010100101750016,175.0,16.0,경기도 의정부시 의정부동 175-16,411504343196,경기도 의정부시 시민로121번길,경기도 의정부시 시민로121번길 3,1,127.048772905428,37.7386965214783,1263698440,20.0,82.0
MA0101202301A0050473,금별맥주,금별맥주야탑역점,,I2,음식,I211,주점,I21103,생맥주 전문,I56213,생맥주 전문점,41,경기도,41135,성남시 분당구,41135620,야탑1동,4113510700,야탑동,4113510700103610007,361.0,7.0,경기도 성남시 분당구 야탑동 361-7,411354340373,경기도 성남시 분당구 장미로86번길,경기도 성남시 분당구 장미로86번길 16,1,127.130240093962,37.4122766240537,1657568318,20.0,59.0
MA010120220806536631,금별맥주,금별맥주,오목천점,I2,음식,I211,주점,I21103,생맥주 전문,I56213,생맥주 전문점,41,경기도,41113,수원시 권선구,41113550,평동,4111312900,오목천동,4111312900105510002,551.0,2.0,경기도 수원시 권선구 오목천동 551-2,411133175037,경기도 수원시 권선구 오목천로,경기도 수원시 권선구 오목천로 61,,126.969198969524,37.2402831574166,1769471357,30.0,35.01
MA0101202301A0040502,금별맥주,금별맥주안양,직영점,I2,음식,I211,주점,I21103,생맥주 전문,I56219,기타 주점업,41,경기도,41171,안양시 만안구,41171510,안양1동,4117110100,안양동,4117110100106740101,674.0,101.0,경기도 안양시 만안구 안양동 674-101,411714346193,경기도 안양시 만안구 안양로292번길,경기도 안양시 만안구 안양로292번길 35,1,126.923552126938,37.3993579616418,1264429310,20.0,284.0
MA0101202211A0091425,금별맥주,금별맥주,,I2,음식,I211,주점,I21103,생맥주 전문,I56219,기타 주점업,41,경기도,41281,고양시 덕양구,41281520,원신동,4128110300,신원동,4128110300106250000,625.0,,경기도 고양시 덕양구 신원동 625,412813194072,경기도 고양시 덕양구 신원로,경기도 고양시 덕양구 신원로 40-48,1,126.889166955803,37.6639096296992,1416373307,20.0,23.0
MA010120220800711415,금별맥주,금별맥주,,I2,음식,I211,주점,I21103,생맥주 전문,I56213,생맥주 전문점,41,경기도,41115,수원시 팔달구,41115730,인계동,4111514100,인계동,4111514100111200005,1120.0,5.0,경기도 수원시 팔달구 인계동 1120-5,411154328471,경기도 수원시 팔달구 효원로291번길,경기도 수원시 팔달구 효원로291번길 53,,127.034395568248,37.2637453525744,1939572336,220.0,924.0
MA0101202504A0045458,금별맥주,금별맥주호매실수자인점,,I2,음식,I211,주점,I21103,생맥주 전문,I56111,한식 일반 음식점업,41,경기도,41113,수원시 권선구,41113664,호매실동,4111313500,호매실동,4111313500113620000,1362.0,,경기도 수원시 권선구 호매실동 1362,411133175044,경기도 수원시 권선구 칠보로,경기도 수원시 권선구 칠보로 136,1,126.953585653157,37.2656784911712,2025246783,40.0,316.0
MA0101202211A0006902,금별맥주,금별맥주이천,마장점,I2,음식,I211,주점,I21103,생맥주 전문,I56219,기타 주점업,41,경기도,41500,이천시,41500340,마장면,4150034021,마장면,4150034021104420017,442.0,17.0,경기도 이천시 마장면 오천리 442-17,415004855520,경기도 이천시 마장면 중앙로6번길,경기도 이천시 마장면 중앙로6번길 11,1,127.355351522305,37.2515125805578,1231349340,30.0,53.01
MA010120220805445054,금별맥주,금별맥주,풍무점,I2,음식,I211,주점,I21103,생맥주 전문,I56213,생맥주 전문점,41,경기도,41570,김포시,41570550,풍무동,4157010700,풍무동,4157010700109500000,950.0,,경기도 김포시 풍무동 950,415704854932,경기도 김포시 양도로19번길,경기도 김포시 양도로19번길 5,,126.724187716701,37.607012473026,1020139895,50.0,101.0
MA010120220813242953,금별맥주,금별맥주,역곡점,I2,음식,I211,주점,I21103,생맥주 전문,I56219,기타 주점업,41,경기도,41192,부천시 원미구,41192580,역곡2동,4119210700,역곡동,4119210700100800003,80.0,3.0,경기도 부천시 원미구 역곡동 80-3,411923000019,경기도 부천시 원미구 부일로,경기도 부천시 원미구 부일로 732,1,126.811029817602,37.4855487803274,1314343135,20.0,9.0
MA010120220803217189,금별맥주,금별맥주,,I2,음식,I211,주점,I21103,생맥주 전문,I56213,생맥주 전문점,41,경기도,41192,부천시 원미구,41192520,심곡2동,4119210200,심곡동,4119210200101920018,192.0,18.0,경기도 부천시 원미구 심곡동 192-18,411924352080,경기도 부천시 원미구 부일로459번길,경기도 부천시 원미구 부일로459번길 40,1,126.781863372819,37.4877150063439,1144831833,20.0,212.0
MA0101202302A0057053,금별맥주,금별맥주용인,동백점,I2,음식,I211,주점,I21103,생맥주 전문,I56111,한식 일반 음식점업,41,경기도,41463,용인시 기흥구,41463575,동백2동,4146311600,중동,4146311600108300001,830.0,1.0,경기도 용인시 기흥구 중동 830-1,414633204023,경기도 용인시 기흥구 동백5로,경기도 용인시 기흥구 동백5로 21-8,,127.152862256676,37.2770681577639,1548169996,30.0,44.010000000000005
MA010120220805955453,금별맥주,금별맥주수원고색역점,,I2,음식,I211,주점,I21103,생맥주 전문,I56213,생맥주 전문점,41,경기도,41113,수원시 권선구,41113550,평동,4111312800,고색동,4111312800104050001,405.0,1.0,경기도 수원시 권선구 고색동 405-1,411133012005,경기도 수원시 권선구 서부로,경기도 수원시 권선구 서부로 1564,1,126.977119203092,37.2489079543065,1769471357,40.0,70.0
MA010120220812082878,금별맥주,금별맥주별내파라곤,스퀘어점,I2,음식,I211,주점,I21103,생맥주 전문,I56219,기타 주점업,41,경기도,41360,남양주시,41360570,별내동,4136011100,별내동,4136011100109750001,975.0,1.0,경기도 남양주시 별내동 975-1,413603197037,경기도 남양주시 순화궁로,경기도 남양주시 순화궁로 249,1,127.128119051286,37.6518820390067,2360111,20.0,93.0
MA010120220808415184,금별맥주,금별맥주,,I2,음식,I211,주점,I21103,생맥주 전문,I56219,기타 주점업,41,경기도,41370,오산시,41370523,대원1동,4137010300,원동,4137010300108120006,812.0,6.0,경기도 오산시 원동 812-6,413703198034,경기도 오산시 운암로,경기도 오산시 운암로 13-22,,127.075067434801,37.1469233213287,1904029520,20.0,58.0
MA0101202209A0010612,금별맥주,금별맥주모란점,,I2,음식,I211,주점,I21103,생맥주 전문,I56219,기타 주점업,41,경기도,41133,성남시 중원구,41133510,성남동,4113310100,성남동,4113310100134430000,3443.0,,경기도 성남시 중원구 성남동 3443,411334337420,경기도 성남시 중원구 제일로35번길,경기도 성남시 중원구 제일로35번길 55,1,127.131291927706,37.4324492395561,1976292314,20.0,52.0
MA010120220803359144,금별맥주,금별맥주,,I2,음식,I211,주점,I21104,요리 주점,I56219,기타 주점업,41,경기도,41210,광명시,41210655,일직동,4121010600,일직동,4121010600105120003,512.0,3.0,경기도 광명시 일직동 512-3,412103187066,경기도 광명시 양지로,경기도 광명시 양지로 21,20,126.882210650711,37.4176867856069,1418180719,90.0,522.99
MA010120220813083656,금별맥주,금별맥주,,I2,음식,I211,주점,I21103,생맥주 전문,I56213,생맥주 전문점,41,경기도,41196,부천시 오정구,41196530,원종2동,4119610400,원종동,4119610400102270013,227.0,13.0,경기도 부천시 오정구 원종동 227-13,411964358356,경기도 부천시 오정구 원종로36번길,경기도 부천시 오정구 원종로36번길 9,1,126.804123319174,37.5237671333246,1284647505,50.0,79.0
