place_id,지점명,누적_리뷰수,월평균_리뷰수,일평균_리뷰수,브랜드,분석기준,분석개월수,
1868359886,구청점,283,23.58333333333333,0.7753424657534247,역전할머니,log_월평균리뷰수최근 1년 누적 리뷰수 기준,12,3.2020687065518194
1323812622,명지대점,182,15.166666666666666,0.4986301369863014,역전할머니,최근 1년 누적 리뷰수 기준,12,2.782951509275328
1311695977,서울신풍역점,10,0.8333333333333334,0.0273972602739726,역전할머니,최근 1년 누적 리뷰수 기준,12,0.6061358035703155
1650551571,서울상봉점,431,35.916666666666664,1.180821917808219,역전할머니,최근 1년 누적 리뷰수 기준,12,3.6086631202571353
1404198758,오류점,1,0.0833333333333333,0.0027397260273972,역전할머니,최근 1년 누적 리뷰수 기준,12,0.0800427076735364
1054587722,서울방배역점,10,0.8333333333333334,0.0273972602739726,역전할머니,최근 1년 누적 리뷰수 기준,12,0.6061358035703155
1573115649,,215,17.916666666666668,0.589041095890411,역전할머니,최근 1년 누적 리뷰수 기준,12,2.9400433676934026
1407805860,,10,0.8333333333333334,0.0273972602739726,역전할머니,최근 1년 누적 리뷰수 기준,12,0.6061358035703155
1420076532,화곡역점,323,26.916666666666668,0.8849315068493151,역전할머니,최근 1년 누적 리뷰수 기준,12,3.3292238820370663
1337289813,삼거리점,348,29.0,0.9534246575342464,역전할머니,최근 1년 누적 리뷰수 기준,12,3.4011973816621555
1059948798,서울동덕여대점,147,12.25,0.4027397260273972,역전할머니,최근 1년 누적 리뷰수 기준,12,2.583997552432231
1199375408,성수점,231,19.25,0.6328767123287671,역전할머니,최근 1년 누적 리뷰수 기준,12,3.0081547935525483
1679915153,구청점,205,17.083333333333332,0.5616438356164384,역전할머니,최근 1년 누적 리뷰수 기준,12,2.8949907037524594
1125792665,홍대점,710,59.16666666666666,1.9452054794520548,역전할머니,최근 1년 누적 리뷰수 기준,12,4.097118489104826
1424284773,,120,10.0,0.3287671232876712,역전할머니,최근 1년 누적 리뷰수 기준,12,2.3978952727983707
1093149808,,222,18.5,0.6082191780821918,역전할머니,최근 1년 누적 리뷰수 기준,12,2.970414465569701
1383332046,,277,23.08333333333333,0.7589041095890411,역전할머니,최근 1년 누적 리뷰수 기준,12,3.1815200383244315
1014475021,,339,28.25,0.9287671232876712,역전할머니,최근 1년 누적 리뷰수 기준,12,3.3758795736778655
1215644969,사당점,162,13.5,0.4438356164383562,역전할머니,최근 1년 누적 리뷰수 기준,12,2.6741486494265287
1615941540,구로디지털단지점,608,50.66666666666666,1.6657534246575345,역전할머니,최근 1년 누적 리뷰수 기준,12,3.9448128282511368
1071087271,,300,25.0,0.821917808219178,역전할머니,최근 1년 누적 리뷰수 기준,12,3.258096538021482
1617580186,까치산점,10,0.8333333333333334,0.0273972602739726,역전할머니,최근 1년 누적 리뷰수 기준,12,0.6061358035703155
1105573661,대학로점,789,65.75,2.1616438356164385,역전할머니,최근 1년 누적 리뷰수 기준,12,4.200954297280359
1893135961,,10,0.8333333333333334,0.0273972602739726,역전할머니,최근 1년 누적 리뷰수 기준,12,0.6061358035703155
1412314791,공릉점,14,1.1666666666666667,0.0383561643835616,역전할머니,최근 1년 누적 리뷰수 기준,12,0.7731898882334818
1126054619,신길점,10,0.8333333333333334,0.0273972602739726,역전할머니,최근 1년 누적 리뷰수 기준,12,0.6061358035703155
1850542918,,10,0.8333333333333334,0.0273972602739726,역전할머니,최근 1년 누적 리뷰수 기준,12,0.6061358035703155
1007222625,,38,3.1666666666666665,0.1041095890410958,역전할머니,최근 1년 누적 리뷰수 기준,12,1.4271163556401456
1223431201,명일점,274,22.83333333333333,0.7506849315068493,역전할머니,최근 1년 누적 리뷰수 기준,12,3.171085161031852
1862325808,서울대입구역점,435,36.25,1.1917808219178083,역전할머니,최근 1년 누적 리뷰수 기준,12,3.6176519448255684
1363879581,,312,26.0,0.8547945205479452,역전할머니,최근 1년 누적 리뷰수 기준,12,3.295836866004329
1114717401,,10,0.8333333333333334,0.0273972602739726,역전할머니,최근 1년 누적 리뷰수 기준,12,0.6061358035703155
1716265321,시장점,22,1.8333333333333333,0.0602739726027397,역전할머니,최근 1년 누적 리뷰수 기준,12,1.041453874828161
1294706090,입구점,10,0.8333333333333334,0.0273972602739726,역전할머니,최근 1년 누적 리뷰수 기준,12,0.6061358035703155
1952342372,신내점,219,18.25,0.6,역전할머니,최근 1년 누적 리뷰수 기준,12,2.9575110607337933
1352004712,,94,7.833333333333333,0.2575342465753424,역전할머니,최근 1년 누적 리뷰수 기준,12,2.1785324443240666
1092241695,서울개봉푸르지오점,28,2.333333333333333,0.0767123287671232,역전할머니,최근 1년 누적 리뷰수 기준,12,1.203972804325936
1431663493,사거리점,45,3.75,0.1232876712328767,역전할머니,최근 1년 누적 리뷰수 기준,12,1.55814461804655
1570808476,일원점,124,10.333333333333334,0.3397260273972602,역전할머니,최근 1년 누적 리뷰수 기준,12,2.4277482359480516
1182019957,,10,0.8333333333333334,0.0273972602739726,역전할머니,최근 1년 누적 리뷰수 기준,12,0.6061358035703155
1649791385,,252,21.0,0.6904109589041096,역전할머니,최근 1년 누적 리뷰수 기준,12,3.091042453358316
1724520201,3가역점,580,48.333333333333336,1.5890410958904109,역전할머니,최근 1년 누적 리뷰수 기준,12,3.8985999850960056
1691525060,,194,16.166666666666668,0.5315068493150685,역전할머니,최근 1년 누적 리뷰수 기준,12,2.842969519001581
1726119908,발산역점,963,80.25,2.638356164383562,역전할머니,최근 1년 누적 리뷰수 기준,12,4.3975308212098465
1825323955,건대점,346,28.83333333333333,0.947945205479452,역전할머니,최근 1년 누적 리뷰수 기준,12,3.3956263366127
1156965631,,98,8.166666666666666,0.2684931506849315,역전할머니,최근 1년 누적 리뷰수 기준,12,2.2155737160044158
1640205976,길동점,203,16.916666666666668,0.5561643835616439,역전할머니,최근 1년 누적 리뷰수 기준,12,2.8857313783396625
1954680855,교대점,39,3.25,0.1068493150684931,역전할머니,최근 1년 누적 리뷰수 기준,12,1.4469189829363254
1298381290,영등포점,390,32.5,1.0684931506849316,역전할머니,최근 1년 누적 리뷰수 기준,12,3.5115454388310208
2089691769,,10,0.8333333333333334,0.0273972602739726,역전할머니,최근 1년 누적 리뷰수 기준,12,0.6061358035703155
1084106478,낙성대점,238,19.83333333333333,0.6520547945205479,역전할머니,최근 1년 누적 리뷰수 기준,12,3.036554268074246
1099660574,미성점,10,0.8333333333333334,0.0273972602739726,역전할머니,최근 1년 누적 리뷰수 기준,12,0.6061358035703155
1512631131,신촌점,10,0.8333333333333334,0.0273972602739726,역전할머니,최근 1년 누적 리뷰수 기준,12,0.6061358035703155
1502264501,,272,22.666666666666668,0.7452054794520548,역전할머니,최근 1년 누적 리뷰수 기준,12,3.164067588373206
1595356400,,890,74.16666666666667,2.4383561643835616,역전할머니,최근 1년 누적 리뷰수 기준,12,4.319707870274623
1131531061,,163,13.583333333333334,0.4465753424657534,역전할머니,최근 1년 누적 리뷰수 기준,12,2.6798793241355137
1166433305,왕십리점,363,30.25,0.9945205479452056,역전할머니,최근 1년 누적 리뷰수 기준,12,3.4420193761824107
1365133624,선릉점,76,6.333333333333333,0.2082191780821917,역전할머니,최근 1년 누적 리뷰수 기준,12,1.992430164690206
1520286568,,434,36.16666666666666,1.189041095890411,역전할머니,최근 1년 누적 리뷰수 기준,12,3.6154123022320634
1242738933,아차산점,227,18.916666666666668,0.6219178082191781,역전할머니,최근 1년 누적 리뷰수 기준,12,2.99155690214351
1220021369,,71,5.916666666666667,0.1945205479452054,역전할머니,최근 1년 누적 리뷰수 기준,12,1.9339339580085977
1373524926,,301,25.08333333333333,0.8246575342465754,역전할머니,최근 1년 누적 리뷰수 기준,12,3.2612965407521526
1299240760,,172,14.333333333333334,0.4712328767123288,역전할머니,최근 1년 누적 리뷰수 기준,12,2.7300291078209855
1941169644,한양대점,46,3.8333333333333335,0.1260273972602739,역전할머니,최근 1년 누적 리뷰수 기준,12,1.5755363607584192
1618413004,,56,4.666666666666667,0.1534246575342465,역전할머니,최근 1년 누적 리뷰수 기준,12,1.7346010553881064
1904735187,장한평점,206,17.166666666666668,0.5643835616438356,역전할머니,최근 1년 누적 리뷰수 기준,12,2.899588413001089
1212496284,,472,39.333333333333336,1.2931506849315069,역전할머니,최근 1년 누적 리뷰수 기준,12,3.6971782569286313
1330188617,,261,21.75,0.7150684931506849,역전할머니,최근 1년 누적 리뷰수 기준,12,3.1245651453969594
1348679964,,450,37.5,1.2328767123287672,역전할머니,최근 1년 누적 리뷰수 기준,12,3.6506582412937387
1297849036,노원점,508,42.333333333333336,1.3917808219178085,역전할머니,최근 1년 누적 리뷰수 기준,12,3.7689221617874726
1449854694,독산2동점,23,1.9166666666666667,0.0630136986301369,역전할머니,최근 1년 누적 리뷰수 기준,12,1.0704414117014134
1756212678,암사점,189,15.75,0.5178082191780822,역전할머니,최근 1년 누적 리뷰수 기준,12,2.8183982582710754
1491229549,오목교점,215,17.916666666666668,0.589041095890411,역전할머니,최근 1년 누적 리뷰수 기준,12,2.9400433676934026
1083611120,,167,13.916666666666666,0.4575342465753425,역전할머니,최근 1년 누적 리뷰수 기준,12,2.7024791560527546
1883733660,남성역점,109,9.083333333333334,0.2986301369863013,역전할머니,최근 1년 누적 리뷰수 기준,12,2.310883895808741
1686744583,,364,30.33333333333333,0.9972602739726028,역전할머니,최근 1년 누적 리뷰수 기준,12,3.4446824936018943
1007235152,용산점,110,9.166666666666666,0.3013698630136986,역전할머니,최근 1년 누적 리뷰수 기준,12,2.3191143949452564
1875677589,마곡나루점,298,24.83333333333333,0.8164383561643835,역전할머니,최근 1년 누적 리뷰수 기준,12,3.2516656476911914
1081996780,강남역점,292,24.33333333333333,0.8,역전할머니,최근 1년 누적 리뷰수 기준,12,3.232121051618221
1431943565,,194,16.166666666666668,0.5315068493150685,역전할머니,최근 1년 누적 리뷰수 기준,12,2.842969519001581
1394095183,,59,4.916666666666667,0.1616438356164383,역전할머니,최근 1년 누적 리뷰수 기준,12,1.777773227253315
1925263470,,104,8.666666666666666,0.284931506849315,역전할머니,최근 1년 누적 리뷰수 기준,12,2.268683541318364
1125401397,쌍문역점,176,14.666666666666666,0.4821917808219178,역전할머니,최근 1년 누적 리뷰수 기준,12,2.751535313041949
1840210126,가산점,285,23.75,0.7808219178082192,역전할머니,최근 1년 누적 리뷰수 기준,12,3.2088254890146994
1708276745,,88,7.333333333333333,0.2410958904109589,역전할머니,최근 1년 누적 리뷰수 기준,12,2.120263536200091
2006884314,신논현점,140,11.666666666666666,0.3835616438356164,역전할머니,최근 1년 누적 리뷰수 기준,12,2.538973871058276
1219066886,,286,23.83333333333333,0.7835616438356164,역전할머니,최근 1년 누적 리뷰수 기준,12,3.212186836717404
1918585793,,121,10.083333333333334,0.3315068493150685,역전할머니,최근 1년 누적 리뷰수 기준,12,2.4054424784337534
1716668282,,220,18.33333333333333,0.6027397260273972,역전할머니,최근 1년 누적 리뷰수 기준,12,2.9618307218783095
1253841735,홍제점,201,16.75,0.5506849315068493,역전할머니,최근 1년 누적 리뷰수 기준,12,2.8763855159214247
1642017043,사거리점,272,22.666666666666668,0.7452054794520548,역전할머니,최근 1년 누적 리뷰수 기준,12,3.164067588373206
1211085280,서울미아점,178,14.833333333333334,0.4876712328767123,역전할머니,최근 1년 누적 리뷰수 기준,12,2.762117422372486
1267173845,,196,16.333333333333332,0.536986301369863,역전할머니,최근 1년 누적 리뷰수 기준,12,2.8526314299133175
1893946805,,195,16.25,0.5342465753424658,역전할머니,최근 1년 누적 리뷰수 기준,12,2.847812143477369
1103233906,,90,7.5,0.2465753424657534,역전할머니,최근 1년 누적 리뷰수 기준,12,2.1400661634962708
1983903998,시장점,201,16.75,0.5506849315068493,역전할머니,최근 1년 누적 리뷰수 기준,12,2.8763855159214247
1790863038,거리점,139,11.583333333333334,0.3808219178082191,역전할머니,최근 1년 누적 리뷰수 기준,12,2.532373187026924
1837963858,,766,63.833333333333336,2.0986301369863014,역전할머니,최근 1년 누적 리뷰수 기준,12,4.171819874390391
1116322096,망원점,394,32.833333333333336,1.0794520547945206,역전할머니,최근 1년 누적 리뷰수 기준,12,3.521446509813732
1281283424,고척점,217,18.08333333333333,0.5945205479452055,역전할머니,최근 1년 누적 리뷰수 기준,12,2.948815353766239
1004012665,천호점,730,60.833333333333336,2.0,역전할머니,최근 1년 누적 리뷰수 기준,12,4.1244425933793805
1686775093,로데오점,453,37.75,1.2410958904109588,역전할머니,최근 1년 누적 리뷰수 기준,12,3.657130755799356
1208854457,구의점,294,24.5,0.8054794520547945,역전할머니,최근 1년 누적 리뷰수 기준,12,3.2386784521643803
1093524286,법조타운점,1103,91.91666666666669,3.021917808219178,역전할머니,최근 1년 누적 리뷰수 기준,12,4.531703034106219
1939413310,,73,6.083333333333333,0.2,역전할머니,최근 1년 누적 리뷰수 기준,12,1.957744606702316
1264036723,,111,9.25,0.3041095890410959,역전할머니,최근 1년 누적 리뷰수 기준,12,2.327277705584417
1864336491,,307,25.58333333333333,0.8410958904109589,역전할머니,최근 1년 누적 리뷰수 기준,12,3.280284452996844
1665937291,답십리점,252,21.0,0.6904109589041096,역전할머니,최근 1년 누적 리뷰수 기준,12,3.091042453358316
1865144042,,158,13.166666666666666,0.4328767123287671,역전할머니,최근 1년 누적 리뷰수 기준,12,2.6508917872622613
1528559468,,257,21.416666666666668,0.7041095890410959,역전할머니,최근 1년 누적 리뷰수 기준,12,3.1098047298138387
1697616575,신도림점,629,52.41666666666666,1.7232876712328766,역전할머니,최근 1년 누적 리뷰수 기준,12,3.9781228071326695
1638779414,,303,25.25,0.8301369863013699,역전할머니,최근 1년 누적 리뷰수 기준,12,3.2676659890376327
1709618790,,168,14.0,0.4602739726027397,역전할머니,최근 1년 누적 리뷰수 기준,12,2.70805020110221
1447876791,서울봉천점,248,20.666666666666668,0.6794520547945205,역전할머니,최근 1년 누적 리뷰수 기준,12,3.0757749812275277
1883160911,미아사거리점,322,26.83333333333333,0.8821917808219178,역전할머니,최근 1년 누적 리뷰수 기준,12,3.3262343431887
1487592716,,278,23.166666666666668,0.7616438356164383,역전할머니,최근 1년 누적 리뷰수 기준,12,3.1849742731925192
1259438090,,442,36.833333333333336,1.210958904109589,역전할머니,최근 1년 누적 리뷰수 기준,12,3.6331905482533475
1142331080,,221,18.416666666666668,0.6054794520547945,역전할머니,최근 1년 누적 리뷰수 기준,12,2.9661318037777002
1782064053,신천점,514,42.833333333333336,1.4082191780821918,역전할머니,최근 1년 누적 리뷰수 기준,12,3.7803945629497098
1827099901,중앙대점,205,17.083333333333332,0.5616438356164384,역전할머니,최근 1년 누적 리뷰수 기준,12,2.8949907037524594
1855644496,상암점,167,13.916666666666666,0.4575342465753425,역전할머니,최근 1년 누적 리뷰수 기준,12,2.7024791560527546
1743181781,서울보라매역점,170,14.166666666666666,0.4657534246575342,역전할머니,최근 1년 누적 리뷰수 기준,12,2.719100037288795
1115085909,,129,10.75,0.3534246575342465,역전할머니,최근 1년 누적 리뷰수 기준,12,2.463853240590168
1397283887,,167,13.916666666666666,0.4575342465753425,역전할머니,최근 1년 누적 리뷰수 기준,12,2.7024791560527546
1291366943,오리역점,296,24.666666666666668,0.810958904109589,역전할머니,최근 1년 누적 리뷰수 기준,12,3.245193133185574
1107851565,판교역점,146,12.166666666666666,0.4,역전할머니,최근 1년 누적 리뷰수 기준,12,2.5776883832389665
1358873748,가좌점,95,7.916666666666667,0.2602739726027397,역전할머니,최근 1년 누적 리뷰수 기준,12,2.187922184673906
1027060589,고양동점,80,6.666666666666667,0.2191780821917808,역전할머니,최근 1년 누적 리뷰수 기준,12,2.03688192726104
1078478269,,123,10.25,0.336986301369863,역전할머니,최근 1년 누적 리뷰수 기준,12,2.4203681286504293
1380748932,,234,19.5,0.6410958904109589,역전할머니,최근 1년 누적 리뷰수 기준,12,3.0204248861443626
1477241116,안산신길점,72,6.0,0.1972602739726027,역전할머니,최근 1년 누적 리뷰수 기준,12,1.9459101490553132
2073433504,경기광주경안점,9,0.75,0.0246575342465753,역전할머니,최근 1년 누적 리뷰수 기준,12,0.5596157879354227
1925758063,흥덕점,122,10.166666666666666,0.3342465753424657,역전할머니,최근 1년 누적 리뷰수 기준,12,2.412933150162911
2004339615,상신점,4,0.3333333333333333,0.010958904109589,역전할머니,최근 1년 누적 리뷰수 기준,12,0.2876820724517809
1500937003,법원점,136,11.333333333333334,0.3726027397260274,역전할머니,최근 1년 누적 리뷰수 기준,12,2.512305623976115
1387072005,인계점,389,32.416666666666664,1.0657534246575342,역전할머니,최근 1년 누적 리뷰수 기준,12,3.509054777518569
1545807150,,171,14.25,0.4684931506849315,역전할머니,최근 1년 누적 리뷰수 기준,12,2.7245795030534206
1375891395,식사점,99,8.25,0.2712328767123287,역전할머니,최근 1년 누적 리뷰수 기준,12,2.224623551524334
1653318859,역곡점,289,24.08333333333333,0.7917808219178082,역전할머니,최근 1년 누적 리뷰수 기준,12,3.222203614960875
1202988463,진접점,150,12.5,0.410958904109589,역전할머니,최근 1년 누적 리뷰수 기준,12,2.6026896854443837
1081200889,,211,17.583333333333332,0.5780821917808219,역전할머니,최근 1년 누적 리뷰수 기준,12,2.9222651216721185
1564245185,,236,19.666666666666668,0.6465753424657534,역전할머니,최근 1년 누적 리뷰수 기준,12,3.028522096376982
1641298819,,88,7.333333333333333,0.2410958904109589,역전할머니,최근 1년 누적 리뷰수 기준,12,2.120263536200091
1043971488,오목천점,90,7.5,0.2465753424657534,역전할머니,최근 1년 누적 리뷰수 기준,12,2.1400661634962708
1269638080,오산궐동점,49,4.083333333333333,0.1342465753424657,역전할머니,최근 1년 누적 리뷰수 기준,12,1.6259672143853108
1121119852,포승점,57,4.75,0.1561643835616438,역전할머니,최근 1년 누적 리뷰수 기준,12,1.749199854809259
1531287826,,118,9.833333333333334,0.3232876712328767,역전할머니,최근 1년 누적 리뷰수 기준,12,2.3826278006675823
1336214521,중앙역점,255,21.25,0.6986301369863014,역전할머니,최근 1년 누적 리뷰수 기준,12,3.1023420086122493
1770103662,,151,12.583333333333334,0.4136986301369863,역전할머니,최근 1년 누적 리뷰수 기준,12,2.608843551018762
1714605319,,95,7.916666666666667,0.2602739726027397,역전할머니,최근 1년 누적 리뷰수 기준,12,2.187922184673906
1543726258,성남동서울대점,153,12.75,0.4191780821917808,역전할머니,최근 1년 누적 리뷰수 기준,12,2.6210388241125804
1593671504,,188,15.666666666666666,0.5150684931506849,역전할머니,최근 1년 누적 리뷰수 기준,12,2.8134107167600364
1101064292,,148,12.333333333333334,0.4054794520547945,역전할머니,최근 1년 누적 리뷰수 기준,12,2.5902671654458267
1639281481,정자점,240,20.0,0.6575342465753424,역전할머니,최근 1년 누적 리뷰수 기준,12,3.044522437723423
1980846214,금촌점,200,16.666666666666668,0.547945205479452,역전할머니,최근 1년 누적 리뷰수 기준,12,2.8716796248840124
1334489648,,215,17.916666666666668,0.589041095890411,역전할머니,최근 1년 누적 리뷰수 기준,12,2.9400433676934026
1122647370,센트럴파크점,256,21.33333333333333,0.7013698630136986,역전할머니,최근 1년 누적 리뷰수 기준,12,3.106080330722856
1995328139,,152,12.666666666666666,0.4164383561643835,역전할머니,최근 1년 누적 리뷰수 기준,12,2.614959778036198
1261572579,풍무점,145,12.083333333333334,0.3972602739726027,역전할머니,최근 1년 누적 리뷰수 기준,12,2.571339155560308
1484043295,마산점,99,8.25,0.2712328767123287,역전할머니,최근 1년 누적 리뷰수 기준,12,2.224623551524334
2060028511,가평점,6,0.5,0.0164383561643835,역전할머니,최근 1년 누적 리뷰수 기준,12,0.4054651081081644
1120896099,정왕점,169,14.083333333333334,0.4630136986301369,역전할머니,최근 1년 누적 리뷰수 기준,12,2.7135903814778253
1044195828,,16,1.3333333333333333,0.0438356164383561,역전할머니,최근 1년 누적 리뷰수 기준,12,0.8472978603872036
2028586634,중동점,15,1.25,0.0410958904109589,역전할머니,최근 1년 누적 리뷰수 기준,12,0.8109302162163288
1288163025,,37,3.083333333333333,0.1013698630136986,역전할머니,최근 1년 누적 리뷰수 기준,12,1.4069136483226263
1461483346,,284,23.666666666666668,0.7780821917808219,역전할머니,최근 1년 누적 리뷰수 기준,12,3.20545280453606
1386930975,호평점,260,21.666666666666668,0.7123287671232876,역전할머니,최근 1년 누적 리뷰수 기준,12,3.120895416507997
1475895833,구청점,17,1.4166666666666667,0.0465753424657534,역전할머니,최근 1년 누적 리뷰수 기준,12,0.8823891801984737
1151781076,군포당정점,5,0.4166666666666667,0.0136986301369863,역전할머니,최근 1년 누적 리뷰수 기준,12,0.34830669426821576
1192310932,신도시점,168,14.0,0.4602739726027397,역전할머니,최근 1년 누적 리뷰수 기준,12,2.70805020110221
1985336624,수원매탄점,116,9.666666666666666,0.3178082191780822,역전할머니,최근 1년 누적 리뷰수 기준,12,2.367123614131617
1212647341,로데오점,248,20.666666666666668,0.6794520547945205,역전할머니,최근 1년 누적 리뷰수 기준,12,3.0757749812275277
1229628998,박달점,180,15.0,0.4931506849315068,역전할머니,최근 1년 누적 리뷰수 기준,12,2.772588722239781
1164737192,곡반정점,131,10.916666666666666,0.3589041095890411,역전할머니,최근 1년 누적 리뷰수 기준,12,2.477937980471907
1429059026,고잔점,280,23.33333333333333,0.7671232876712328,역전할머니,최근 1년 누적 리뷰수 기준,12,3.1918471524802814
1341070762,,4,0.3333333333333333,0.010958904109589,역전할머니,최근 1년 누적 리뷰수 기준,12,0.2876820724517809
1675941778,,22,1.8333333333333333,0.0602739726027397,역전할머니,최근 1년 누적 리뷰수 기준,12,1.041453874828161
1539758577,호수공원점,305,25.416666666666668,0.8356164383561644,역전할머니,최근 1년 누적 리뷰수 기준,12,3.2739951240892804
1130662963,,513,42.75,1.4054794520547946,역전할머니,최근 1년 누적 리뷰수 기준,12,3.7784916128036232
1152966956,,61,5.083333333333333,0.1671232876712328,역전할머니,최근 1년 누적 리뷰수 기준,12,1.8055527913603908
1855730149,,205,17.083333333333332,0.5616438356164384,역전할머니,최근 1년 누적 리뷰수 기준,12,2.8949907037524594
1934587126,광장점,243,20.25,0.6657534246575343,역전할머니,최근 1년 누적 리뷰수 기준,12,3.056356895370426
1563654697,신도시점,438,36.5,1.2,역전할머니,최근 1년 누적 리뷰수 기준,12,3.624340932976365
1095843436,,91,7.583333333333333,0.2493150684931507,역전할머니,최근 1년 누적 리뷰수 기준,12,2.1498223384416355
1718262211,,62,5.166666666666667,0.1698630136986301,역전할머니,최근 1년 누적 리뷰수 기준,12,1.8191584434161694
1221164706,수원역점,425,35.416666666666664,1.1643835616438356,역전할머니,최근 1년 누적 리뷰수 기준,12,3.5950265453075896
1671462839,,180,15.0,0.4931506849315068,역전할머니,최근 1년 누적 리뷰수 기준,12,2.772588722239781
1140050388,소하점,184,15.333333333333334,0.5041095890410959,역전할머니,최근 1년 누적 리뷰수 기준,12,2.793208009442517
1827234611,,329,27.416666666666668,0.9013698630136986,역전할머니,최근 1년 누적 리뷰수 기준,12,3.3469758274955166
1003306910,금오점,232,19.33333333333333,0.6356164383561644,역전할머니,최근 1년 누적 리뷰수 기준,12,3.0122615755052013
1401517138,와동점,86,7.166666666666667,0.2356164383561644,역전할머니,최근 1년 누적 리뷰수 기준,12,2.100060828882572
1496785057,,155,12.916666666666666,0.4246575342465753,역전할머니,최근 1년 누적 리뷰수 기준,12,2.6330871626287546
1316989193,오포점,108,9.0,0.2958904109589041,역전할머니,최근 1년 누적 리뷰수 기준,12,2.302585092994046
1528813980,,9,0.75,0.0246575342465753,역전할머니,최근 1년 누적 리뷰수 기준,12,0.5596157879354227
1529376857,지행점,164,13.666666666666666,0.4493150684931506,역전할머니,최근 1년 누적 리뷰수 기준,12,2.6855773452501515
1306011169,,31,2.583333333333333,0.084931506849315,역전할머니,최근 1년 누적 리뷰수 기준,12,1.276293465905562
1350593533,중앙점,211,17.583333333333332,0.5780821917808219,역전할머니,최근 1년 누적 리뷰수 기준,12,2.9222651216721185
1185584557,소사점,80,6.666666666666667,0.2191780821917808,역전할머니,최근 1년 누적 리뷰수 기준,12,2.03688192726104
1728053017,,28,2.333333333333333,0.0767123287671232,역전할머니,최근 1년 누적 리뷰수 기준,12,1.203972804325936
1934619685,,4,0.3333333333333333,0.010958904109589,역전할머니,최근 1년 누적 리뷰수 기준,12,0.2876820724517809
1667394356,양벌점,14,1.1666666666666667,0.0383561643835616,역전할머니,최근 1년 누적 리뷰수 기준,12,0.7731898882334818
1166525407,,66,5.5,0.1808219178082191,역전할머니,최근 1년 누적 리뷰수 기준,12,1.8718021769015913
1599677441,의정부민락점,211,17.583333333333332,0.5780821917808219,역전할머니,최근 1년 누적 리뷰수 기준,12,2.9222651216721185
1609018605,,20,1.6666666666666667,0.0547945205479452,역전할머니,최근 1년 누적 리뷰수 기준,12,0.9808292530117262
1310839658,,37,3.083333333333333,0.1013698630136986,역전할머니,최근 1년 누적 리뷰수 기준,12,1.4069136483226263
1604387325,오산시청점,23,1.9166666666666667,0.0630136986301369,역전할머니,최근 1년 누적 리뷰수 기준,12,1.0704414117014134
1365525277,호수공원점,144,12.0,0.3945205479452054,역전할머니,최근 1년 누적 리뷰수 기준,12,2.5649493574615367
1047858386,동삭점,86,7.166666666666667,0.2356164383561644,역전할머니,최근 1년 누적 리뷰수 기준,12,2.100060828882572
1031083325,,186,15.5,0.5095890410958904,역전할머니,최근 1년 누적 리뷰수 기준,12,2.803360380906535
1942532632,일산웨스턴돔점,223,18.58333333333333,0.6109589041095891,역전할머니,최근 1년 누적 리뷰수 기준,12,2.9746788643561586
1924330846,경기광주쌍령점,527,43.91666666666666,1.443835616438356,역전할머니,최근 1년 누적 리뷰수 기준,12,3.804808921120997
1231800684,,291,24.25,0.7972602739726027,역전할머니,최근 1년 누적 리뷰수 기준,12,3.228826155721369
1131916454,합정점,87,7.25,0.2383561643835616,역전할머니,최근 1년 누적 리뷰수 기준,12,2.1102132003465894
1486532406,,45,3.75,0.1232876712328767,역전할머니,최근 1년 누적 리뷰수 기준,12,1.55814461804655
1032543682,마을점,38,3.1666666666666665,0.1041095890410958,역전할머니,최근 1년 누적 리뷰수 기준,12,1.4271163556401456
1283663444,,216,18.0,0.5917808219178082,역전할머니,최근 1년 누적 리뷰수 기준,12,2.9444389791664403
1502886652,사거리점,276,23.0,0.7561643835616438,역전할머니,최근 1년 누적 리뷰수 기준,12,3.1780538303479458
1347315519,화성봉담2지구점,93,7.75,0.2547945205479452,역전할머니,최근 1년 누적 리뷰수 기준,12,2.169053700369523
1094108498,천동점,135,11.25,0.3698630136986301,역전할머니,최근 1년 누적 리뷰수 기준,12,2.505525936990736
1315467654,탑동점,172,14.333333333333334,0.4712328767123288,역전할머니,최근 1년 누적 리뷰수 기준,12,2.7300291078209855
1201225994,구청점,235,19.58333333333333,0.6438356164383562,역전할머니,최근 1년 누적 리뷰수 기준,12,3.0244816868399766
1095389920,안산한양대점,65,5.416666666666667,0.1780821917808219,역전할머니,최근 1년 누적 리뷰수 기준,12,1.8588987720656835
1529303622,,86,7.166666666666667,0.2356164383561644,역전할머니,최근 1년 누적 리뷰수 기준,12,2.100060828882572
1275359715,,127,10.583333333333334,0.347945205479452,역전할머니,최근 1년 누적 리뷰수 기준,12,2.4495672833426916
1856141633,오정점,115,9.583333333333334,0.3150684931506849,역전할머니,최근 1년 누적 리뷰수 기준,12,2.359280436670591
1326128647,운양점,80,6.666666666666667,0.2191780821917808,역전할머니,최근 1년 누적 리뷰수 기준,12,2.03688192726104
1329344968,위례점,24,2.0,0.0657534246575342,역전할머니,최근 1년 누적 리뷰수 기준,12,1.0986122886681098
1345961322,,610,50.833333333333336,1.6712328767123288,역전할머니,최근 1년 누적 리뷰수 기준,12,3.948033442951179
1416268607,시청역점,157,13.083333333333334,0.4301369863013699,역전할머니,최근 1년 누적 리뷰수 기준,12,2.644992065135073
1715463219,상동점,290,24.166666666666668,0.7945205479452054,역전할머니,최근 1년 누적 리뷰수 기준,12,3.2255203675868693
1970770706,,75,6.25,0.2054794520547945,역전할머니,최근 1년 누적 리뷰수 기준,12,1.9810014688665833
1047538304,마석점,174,14.5,0.4767123287671233,역전할머니,최근 1년 누적 리뷰수 기준,12,2.740840023925201
1203738762,산본점,261,21.75,0.7150684931506849,역전할머니,최근 1년 누적 리뷰수 기준,12,3.1245651453969594
1085628828,하남감일점,80,6.666666666666667,0.2191780821917808,역전할머니,최근 1년 누적 리뷰수 기준,12,2.03688192726104
1292391064,,58,4.833333333333333,0.1589041095890411,역전할머니,최근 1년 누적 리뷰수 기준,12,1.7635885922613586
1618620966,반월점,350,29.166666666666668,0.958904109589041,역전할머니,최근 1년 누적 리뷰수 기준,12,3.4067375620377707
1564897016,안중점,154,12.833333333333334,0.421917808219178,역전할머니,최근 1년 누적 리뷰수 기준,12,2.627081138568543
1930537898,진접역점,60,5.0,0.1643835616438356,역전할머니,최근 1년 누적 리뷰수 기준,12,1.791759469228055
1272666945,,172,14.333333333333334,0.4712328767123288,역전할머니,최근 1년 누적 리뷰수 기준,12,2.7300291078209855
1743564761,,71,5.916666666666667,0.1945205479452054,역전할머니,최근 1년 누적 리뷰수 기준,12,1.9339339580085977
1069547938,,306,25.5,0.8383561643835616,역전할머니,최근 1년 누적 리뷰수 기준,12,3.2771447329921766
1664789586,공도점,112,9.333333333333334,0.3068493150684931,역전할머니,최근 1년 누적 리뷰수 기준,12,2.3353749158170367
1534049176,,177,14.75,0.4849315068493151,역전할머니,최근 1년 누적 리뷰수 기준,12,2.7568403652716422
1104406299,,21,1.75,0.0575342465753424,역전할머니,최근 1년 누적 리뷰수 기준,12,1.0116009116784799
1914402029,,92,7.666666666666667,0.2520547945205479,역전할머니,최근 1년 누적 리뷰수 기준,12,2.1594842493533726
1053571029,,376,31.33333333333333,1.03013698630137,역전할머니,최근 1년 누적 리뷰수 기준,12,3.476098689835273
1589740014,,69,5.75,0.1890410958904109,역전할머니,최근 1년 누적 리뷰수 기준,12,1.9095425048844386
1251289688,위례점,9,0.75,0.0246575342465753,역전할머니,최근 1년 누적 리뷰수 기준,12,0.5596157879354227
1739324821,시장점,32,2.6666666666666665,0.0876712328767123,역전할머니,최근 1년 누적 리뷰수 기준,12,1.2992829841302609
1973820010,,580,48.333333333333336,1.5890410958904109,역전할머니,최근 1년 누적 리뷰수 기준,12,3.8985999850960056
1526986047,로데오점,35,2.9166666666666665,0.0958904109589041,역전할머니,최근 1년 누적 리뷰수 기준,12,1.3652409519220583
1788671295,본점,108,9.0,0.2958904109589041,역전할머니,최근 1년 누적 리뷰수 기준,12,2.302585092994046
1050993722,은계점,131,10.916666666666666,0.3589041095890411,역전할머니,최근 1년 누적 리뷰수 기준,12,2.477937980471907
1046930641,야당점,546,45.5,1.4958904109589042,역전할머니,최근 1년 누적 리뷰수 기준,12,3.8394523125933104
1446761157,군포당동점,202,16.833333333333332,0.5534246575342465,역전할머니,최근 1년 누적 리뷰수 기준,12,2.8810693652338513
1276398984,행신역점,156,13.0,0.4273972602739726,역전할머니,최근 1년 누적 리뷰수 기준,12,2.6390573296152584
2032724448,옥정점,8,0.6666666666666666,0.021917808219178,역전할머니,최근 1년 누적 리뷰수 기준,12,0.5108256237659907
1626443443,반송점,158,13.166666666666666,0.4328767123287671,역전할머니,최근 1년 누적 리뷰수 기준,12,2.6508917872622613
1902214765,송내점,80,6.666666666666667,0.2191780821917808,역전할머니,최근 1년 누적 리뷰수 기준,12,2.03688192726104
1583835753,아주대점,234,19.5,0.6410958904109589,역전할머니,최근 1년 누적 리뷰수 기준,12,3.0204248861443626
1098387318,마을점,112,9.333333333333334,0.3068493150684931,역전할머니,최근 1년 누적 리뷰수 기준,12,2.3353749158170367
1957512936,,371,30.916666666666668,1.0164383561643835,역전할머니,최근 1년 누적 리뷰수 기준,12,3.4631283393926457
1068781997,마을점,194,16.166666666666668,0.5315068493150685,역전할머니,최근 1년 누적 리뷰수 기준,12,2.842969519001581
1744675487,테크노밸리점,116,9.666666666666666,0.3178082191780822,역전할머니,최근 1년 누적 리뷰수 기준,12,2.367123614131617
1997098203,,28,2.333333333333333,0.0767123287671232,역전할머니,최근 1년 누적 리뷰수 기준,12,1.203972804325936
1419560678,,62,5.166666666666667,0.1698630136986301,역전할머니,최근 1년 누적 리뷰수 기준,12,1.8191584434161694
1520975504,퇴계원점,52,4.333333333333333,0.1424657534246575,역전할머니,최근 1년 누적 리뷰수 기준,12,1.6739764335716716
1700121235,태전점,68,5.666666666666667,0.1863013698630137,역전할머니,최근 1년 누적 리뷰수 기준,12,1.8971199848858813
1669752875,,32,2.6666666666666665,0.0876712328767123,역전할머니,최근 1년 누적 리뷰수 기준,12,1.2992829841302609
1819733849,김포구래점,195,16.25,0.5342465753424658,역전할머니,최근 1년 누적 리뷰수 기준,12,2.847812143477369
1695640440,,166,13.833333333333334,0.4547945205479452,역전할머니,최근 1년 누적 리뷰수 기준,12,2.6968769005040847
1662562207,야탑점,244,20.33333333333333,0.6684931506849315,역전할머니,최근 1년 누적 리뷰수 기준,12,3.060270794691562
1075452973,,85,7.083333333333333,0.2328767123287671,역전할머니,최근 1년 누적 리뷰수 기준,12,2.0898043287153825
1183679383,일산백석점,275,22.916666666666668,0.7534246575342466,역전할머니,최근 1년 누적 리뷰수 기준,12,3.174575565971621
1156178973,성균관대점,211,17.583333333333332,0.5780821917808219,역전할머니,최근 1년 누적 리뷰수 기준,12,2.9222651216721185
1961556567,,123,10.25,0.336986301369863,역전할머니,최근 1년 누적 리뷰수 기준,12,2.4203681286504293
1855603068,평택고덕점,90,7.5,0.2465753424657534,역전할머니,최근 1년 누적 리뷰수 기준,12,2.1400661634962708
2036202855,,0,0.0,0.0,역전할머니,최근 1년 누적 리뷰수 기준,12,0.0
1867887935,화정점,458,38.16666666666666,1.2547945205479452,역전할머니,최근 1년 누적 리뷰수 기준,12,3.6678260449161035
1773727770,,176,14.666666666666666,0.4821917808219178,역전할머니,최근 1년 누적 리뷰수 기준,12,2.751535313041949
1402050649,,119,9.916666666666666,0.3260273972602739,역전할머니,최근 1년 누적 리뷰수 기준,12,2.3902906734131513
1477211341,중리점,211,17.583333333333332,0.5780821917808219,역전할머니,최근 1년 누적 리뷰수 기준,12,2.9222651216721185
1825725375,,47,3.9166666666666665,0.1287671232876712,역전할머니,최근 1년 누적 리뷰수 기준,12,1.5926307941177191
1689089491,보라점,175,14.583333333333334,0.4794520547945205,역전할머니,최근 1년 누적 리뷰수 기준,12,2.7462019670665865
1617851980,병점점,232,19.33333333333333,0.6356164383561644,역전할머니,최근 1년 누적 리뷰수 기준,12,3.0122615755052013
1927925705,서현점,260,21.666666666666668,0.7123287671232876,역전할머니,최근 1년 누적 리뷰수 기준,12,3.120895416507997
1070341433,,38,3.1666666666666665,0.1041095890410958,역전할머니,최근 1년 누적 리뷰수 기준,12,1.4271163556401456
1376823175,,136,11.333333333333334,0.3726027397260274,역전할머니,최근 1년 누적 리뷰수 기준,12,2.512305623976115
1390740042,,139,11.583333333333334,0.3808219178082191,역전할머니,최근 1년 누적 리뷰수 기준,12,2.532373187026924
1264776733,영통점,139,11.583333333333334,0.3808219178082191,역전할머니,최근 1년 누적 리뷰수 기준,12,2.532373187026924
1241677174,소사벌점,187,15.583333333333334,0.5123287671232877,역전할머니,최근 1년 누적 리뷰수 기준,12,2.8083981749364924
1553565618,하이닉스점,200,16.666666666666668,0.547945205479452,역전할머니,최근 1년 누적 리뷰수 기준,12,2.8716796248840124
1144308043,,181,15.083333333333334,0.4958904109589041,역전할머니,최근 1년 누적 리뷰수 기준,12,2.7777835391168852
1149042526,장기점,412,34.333333333333336,1.1287671232876713,역전할머니,최근 1년 누적 리뷰수 기준,12,3.5648268054439574
1667781793,,217,18.08333333333333,0.5945205479452055,역전할머니,최근 1년 누적 리뷰수 기준,12,2.948815353766239
1623890470,문산점,65,5.416666666666667,0.1780821917808219,역전할머니,최근 1년 누적 리뷰수 기준,12,1.8588987720656835
1349495996,,138,11.5,0.3780821917808219,역전할머니,최근 1년 누적 리뷰수 기준,12,2.5257286443082556
1468997905,신도시점,73,6.083333333333333,0.2,역전할머니,최근 1년 누적 리뷰수 기준,12,1.957744606702316
1095383795,영천점,182,15.166666666666666,0.4986301369863014,역전할머니,최근 1년 누적 리뷰수 기준,12,2.782951509275328
1777694244,초지점,148,12.333333333333334,0.4054794520547945,역전할머니,최근 1년 누적 리뷰수 기준,12,2.5902671654458267
1416990198,,174,14.5,0.4767123287671233,역전할머니,최근 1년 누적 리뷰수 기준,12,2.740840023925201
1992923813,,117,9.75,0.3205479452054794,역전할머니,최근 1년 누적 리뷰수 기준,12,2.3749057545736716
1209111618,광명역점,184,15.333333333333334,0.5041095890410959,역전할머니,최근 1년 누적 리뷰수 기준,12,2.793208009442517
1910684172,,57,4.75,0.1561643835616438,역전할머니,최근 1년 누적 리뷰수 기준,12,1.749199854809259
1303652689,안양일번가점,414,34.5,1.1342465753424658,역전할머니,최근 1년 누적 리뷰수 기준,12,3.56953269648137
1699151005,,207,17.25,0.5671232876712329,역전할머니,최근 1년 누적 리뷰수 기준,12,2.9041650800285006
1710467126,,253,21.08333333333333,0.6931506849315069,역전할머니,최근 1년 누적 리뷰수 기준,12,3.0948231761982217
1660117557,,98,8.166666666666666,0.2684931506849315,역전할머니,최근 1년 누적 리뷰수 기준,12,2.2155737160044158
1262360533,상록수점,168,14.0,0.4602739726027397,역전할머니,최근 1년 누적 리뷰수 기준,12,2.70805020110221
1403299671,평택용이점,133,11.083333333333334,0.3643835616438356,역전할머니,최근 1년 누적 리뷰수 기준,12,2.4918270926325743
1280687010,,420,35.0,1.1506849315068493,역전할머니,최근 1년 누적 리뷰수 기준,12,3.58351893845611
1582135442,,201,16.75,0.5506849315068493,역전할머니,최근 1년 누적 리뷰수 기준,12,2.8763855159214247
1851194409,원흥점,263,21.916666666666668,0.7205479452054795,역전할머니,최근 1년 누적 리뷰수 기준,12,3.131864447878571
1899006096,신구대점,234,19.5,0.6410958904109589,역전할머니,최근 1년 누적 리뷰수 기준,12,3.0204248861443626
1896506249,중앙역점,148,12.333333333333334,0.4054794520547945,역전할머니,최근 1년 누적 리뷰수 기준,12,2.5902671654458267
1352151835,,317,26.416666666666668,0.8684931506849315,역전할머니,최근 1년 누적 리뷰수 기준,12,3.3111511009773715
1147712129,능동점,113,9.416666666666666,0.3095890410958904,역전할머니,최근 1년 누적 리뷰수 기준,12,2.3434070875143007
1348695159,,49,4.083333333333333,0.1342465753424657,역전할머니,최근 1년 누적 리뷰수 기준,12,1.6259672143853108
1584181408,,121,10.083333333333334,0.3315068493150685,역전할머니,최근 1년 누적 리뷰수 기준,12,2.4054424784337534
1816221934,금정점,455,37.91666666666666,1.2465753424657535,역전할머니,최근 1년 누적 리뷰수 기준,12,3.6614226078808967
1434024280,향남2지구점,151,12.583333333333334,0.4136986301369863,역전할머니,최근 1년 누적 리뷰수 기준,12,2.608843551018762
1535589492,하안점,291,24.25,0.7972602739726027,역전할머니,최근 1년 누적 리뷰수 기준,12,3.228826155721369
1891683756,,152,12.666666666666666,0.4164383561643835,역전할머니,최근 1년 누적 리뷰수 기준,12,2.614959778036198
1177597880,교하점,126,10.5,0.3452054794520548,역전할머니,최근 1년 누적 리뷰수 기준,12,2.4423470353692043
1228767540,,175,14.583333333333334,0.4794520547945205,역전할머니,최근 1년 누적 리뷰수 기준,12,2.7462019670665865
1091472254,신원점,138,11.5,0.3780821917808219,역전할머니,최근 1년 누적 리뷰수 기준,12,2.5257286443082556
1470294699,구리돌다리점,350,29.166666666666668,0.958904109589041,역전할머니,최근 1년 누적 리뷰수 기준,12,3.4067375620377707
1113384749,동양미래대점,160,13.333333333333334,0.4383561643835616,금별맥주,최근 1년 누적 리뷰수 기준,12,2.662587827025453
1320051621,양천향교점,218,18.166666666666668,0.5972602739726027,금별맥주,최근 1년 누적 리뷰수 기준,12,2.953172659135195
1588254549,,158,13.166666666666666,0.4328767123287671,금별맥주,최근 1년 누적 리뷰수 기준,12,2.6508917872622613
1601981946,송정역점,169,14.083333333333334,0.4630136986301369,금별맥주,최근 1년 누적 리뷰수 기준,12,2.7135903814778253
1161335521,,413,34.416666666666664,1.1315068493150684,금별맥주,최근 1년 누적 리뷰수 기준,12,3.5671825191364164
1126343564,연신내점,196,16.333333333333332,0.536986301369863,금별맥주,최근 1년 누적 리뷰수 기준,12,2.8526314299133175
1632711633,성신여대점,262,21.83333333333333,0.7178082191780822,금별맥주,최근 1년 누적 리뷰수 기준,12,3.1282214566000697
1516484705,삼거리점,44,3.6666666666666665,0.1205479452054794,금별맥주,최근 1년 누적 리뷰수 기준,12,1.5404450409471488
1308648776,성수점,286,23.83333333333333,0.7835616438356164,금별맥주,최근 1년 누적 리뷰수 기준,12,3.212186836717404
1972585179,,379,31.58333333333333,1.0383561643835617,금별맥주,최근 1년 누적 리뷰수 기준,12,3.4838009101973655
1189283598,신도림점,153,12.75,0.4191780821917808,금별맥주,최근 1년 누적 리뷰수 기준,12,2.6210388241125804
1120915524,종로평창점,35,2.9166666666666665,0.0958904109589041,금별맥주,최근 1년 누적 리뷰수 기준,12,1.3652409519220583
1831537710,홍제점,202,16.833333333333332,0.5534246575342465,금별맥주,최근 1년 누적 리뷰수 기준,12,2.8810693652338513
1456505357,홍대점,464,38.66666666666666,1.2712328767123289,금별맥주,최근 1년 누적 리뷰수 기준,12,3.6805112044434196
1765329714,길동점,186,15.5,0.5095890410958904,금별맥주,최근 1년 누적 리뷰수 기준,12,2.803360380906535
1005671374,당산점,221,18.416666666666668,0.6054794520547945,금별맥주,최근 1년 누적 리뷰수 기준,12,2.9661318037777002
1109103798,오거리점,90,7.5,0.2465753424657534,금별맥주,최근 1년 누적 리뷰수 기준,12,2.1400661634962708
1654545522,영등포점,287,23.916666666666668,0.7863013698630137,금별맥주,최근 1년 누적 리뷰수 기준,12,3.215536923602686
1151197342,충정로역점,167,13.916666666666666,0.4575342465753425,금별맥주,최근 1년 누적 리뷰수 기준,12,2.7024791560527546
1480935223,등촌역점,138,11.5,0.3780821917808219,금별맥주,최근 1년 누적 리뷰수 기준,12,2.5257286443082556
1294998541,구청점,118,9.833333333333334,0.3232876712328767,금별맥주,최근 1년 누적 리뷰수 기준,12,2.3826278006675823
1164697805,오목교점,359,29.916666666666668,0.9835616438356164,금별맥주,최근 1년 누적 리뷰수 기준,12,3.431295412819435
1460937600,자이점,426,35.5,1.167123287671233,금별맥주,최근 1년 누적 리뷰수 기준,12,3.597312260588446
1826878021,,349,29.08333333333333,0.9561643835616438,금별맥주,최근 1년 누적 리뷰수 기준,12,3.4039713085448806
1035417750,구로디지털단지점,307,25.58333333333333,0.8410958904109589,금별맥주,최근 1년 누적 리뷰수 기준,12,3.280284452996844
1778168403,화곡점,998,83.16666666666667,2.734246575342466,금별맥주,최근 1년 누적 리뷰수 기준,12,4.432798960047305
1269875819,응암점,149,12.416666666666666,0.4082191780821917,금별맥주,최근 1년 누적 리뷰수 기준,12,2.5964977151964628
1058646920,천호점,758,63.16666666666666,2.0767123287671234,금별맥주,최근 1년 누적 리뷰수 기준,12,4.161483865059729
1754035019,종로점,536,44.66666666666666,1.4684931506849317,금별맥주,최근 1년 누적 리뷰수 기준,12,3.821368637160015
1538729455,마곡나루역,327,27.25,0.8958904109589041,금별맥주,최근 1년 누적 리뷰수 기준,12,3.34109345759245
1160722316,건대점,209,17.416666666666668,0.5726027397260274,금별맥주,최근 1년 누적 리뷰수 기준,12,2.9132560517297525
1117014686,구청점,253,21.08333333333333,0.6931506849315069,금별맥주,최근 1년 누적 리뷰수 기준,12,3.0948231761982217
1390537313,,912,76.0,2.4986301369863013,금별맥주,최근 1년 누적 리뷰수 기준,12,4.343805421853684
1516621298,구청점,168,14.0,0.4602739726027397,금별맥주,최근 1년 누적 리뷰수 기준,12,2.70805020110221
1479645620,은계점,126,10.5,0.3452054794520548,금별맥주,최근 1년 누적 리뷰수 기준,12,2.4423470353692043
1384001087,평내호평역점,174,14.5,0.4767123287671233,금별맥주,최근 1년 누적 리뷰수 기준,12,2.740840023925201
1866157196,탑동점,171,14.25,0.4684931506849315,금별맥주,최근 1년 누적 리뷰수 기준,12,2.7245795030534206
1821667598,서현점,257,21.416666666666668,0.7041095890410959,금별맥주,최근 1년 누적 리뷰수 기준,12,3.1098047298138387
1326207551,용인역북점,127,10.583333333333334,0.347945205479452,금별맥주,최근 1년 누적 리뷰수 기준,12,2.4495672833426916
1119031588,,222,18.5,0.6082191780821918,금별맥주,최근 1년 누적 리뷰수 기준,12,2.970414465569701
1548256786,백석점,174,14.5,0.4767123287671233,금별맥주,최근 1년 누적 리뷰수 기준,12,2.740840023925201
1736872254,,53,4.416666666666667,0.1452054794520547,금별맥주,최근 1년 누적 리뷰수 기준,12,1.6894806201076369
1504742739,용인보정점,148,12.333333333333334,0.4054794520547945,금별맥주,최근 1년 누적 리뷰수 기준,12,2.5902671654458267
1021328867,야당점,323,26.916666666666668,0.8849315068493151,금별맥주,최근 1년 누적 리뷰수 기준,12,3.3292238820370663
1005285987,산본역점,298,24.83333333333333,0.8164383561643835,금별맥주,최근 1년 누적 리뷰수 기준,12,3.2516656476911914
2035205067,,78,6.5,0.2136986301369863,금별맥주,최근 1년 누적 리뷰수 기준,12,2.0149030205422647
1878005111,수원대점,20,1.6666666666666667,0.0547945205479452,금별맥주,최근 1년 누적 리뷰수 기준,12,0.9808292530117262
1206922924,오산궐동점,53,4.416666666666667,0.1452054794520547,금별맥주,최근 1년 누적 리뷰수 기준,12,1.6894806201076369
1473086261,구래점,299,24.916666666666668,0.8191780821917808,금별맥주,최근 1년 누적 리뷰수 기준,12,3.254886262391234
1649261391,화정점,270,22.5,0.7397260273972602,금별맥주,최근 1년 누적 리뷰수 기준,12,3.1570004211501135
1636872723,,282,23.5,0.7726027397260274,금별맥주,최근 1년 누적 리뷰수 기준,12,3.1986731175506815
2075104976,금정역점,4,0.3333333333333333,0.010958904109589,금별맥주,최근 1년 누적 리뷰수 기준,12,0.2876820724517809
1609455973,스타점,223,18.58333333333333,0.6109589041095891,금별맥주,최근 1년 누적 리뷰수 기준,12,2.9746788643561586
1176057446,호매실점,219,18.25,0.6,금별맥주,최근 1년 누적 리뷰수 기준,12,2.9575110607337933
1067019539,김포라베니체점,142,11.833333333333334,0.3890410958904109,금별맥주,최근 1년 누적 리뷰수 기준,12,2.5520459526256287
1786518367,성균관대역점,634,52.833333333333336,1.736986301369863,금별맥주,최근 1년 누적 리뷰수 기준,12,3.9858928539946015
1589643697,송내역점,328,27.33333333333333,0.8986301369863013,금별맥주,최근 1년 누적 리뷰수 기준,12,3.3440389678222067
1689318282,영천점,640,53.333333333333336,1.7534246575342465,금별맥주,최근 1년 누적 리뷰수 기준,12,3.9951379121386528
1793190651,금촌점,62,5.166666666666667,0.1698630136986301,금별맥주,최근 1년 누적 리뷰수 기준,12,1.8191584434161694
1246713796,김포걸포점,252,21.0,0.6904109589041096,금별맥주,최근 1년 누적 리뷰수 기준,12,3.091042453358316
1464102670,중동점,259,21.58333333333333,0.7095890410958904,금별맥주,최근 1년 누적 리뷰수 기준,12,3.1172121710917002
1955908512,구청점,98,8.166666666666666,0.2684931506849315,금별맥주,최근 1년 누적 리뷰수 기준,12,2.2155737160044158
1203012249,호수공원점,134,11.166666666666666,0.3671232876712328,금별맥주,최근 1년 누적 리뷰수 기준,12,2.498699971920336
1302373002,수지구청점,582,48.5,1.5945205479452054,금별맥주,최근 1년 누적 리뷰수 기준,12,3.901972669574645
1520786739,수원망포역점,105,8.75,0.2876712328767123,금별맥주,최근 1년 누적 리뷰수 기준,12,2.277267285009756
1987203694,마을점,899,74.91666666666667,2.463013698630137,금별맥주,최근 1년 누적 리뷰수 기준,12,4.329636247471958
1795457581,인덕원역점,74,6.166666666666667,0.2027397260273972,금별맥주,최근 1년 누적 리뷰수 기준,12,1.9694406464655074
1010789905,,128,10.666666666666666,0.3506849315068493,금별맥주,최근 1년 누적 리뷰수 기준,12,2.456735772821304
1187925231,파주문산점,49,4.083333333333333,0.1342465753424657,금별맥주,최근 1년 누적 리뷰수 기준,12,1.6259672143853108
1877974128,,67,5.583333333333333,0.1835616438356164,금별맥주,최근 1년 누적 리뷰수 기준,12,1.8845412026790211
1118110136,화서점,713,59.41666666666666,1.9534246575342469,금별맥주,최근 1년 누적 리뷰수 기준,12,4.101265005066674
1687464008,,63,5.25,0.1726027397260274,금별맥주,최근 1년 누적 리뷰수 기준,12,1.8325814637483102
1106422894,병점점,90,7.5,0.2465753424657534,금별맥주,최근 1년 누적 리뷰수 기준,12,2.1400661634962708
1951767302,목감역점,118,9.833333333333334,0.3232876712328767,금별맥주,최근 1년 누적 리뷰수 기준,12,2.3826278006675823
1015428518,원흥점,133,11.083333333333334,0.3643835616438356,금별맥주,최근 1년 누적 리뷰수 기준,12,2.4918270926325743
1576018495,,99,8.25,0.2712328767123287,금별맥주,최근 1년 누적 리뷰수 기준,12,2.224623551524334
1325790626,정왕점,1090,90.83333333333331,2.9863013698630136,금별맥주,최근 1년 누적 리뷰수 기준,12,4.5199753399248594
1369695595,시흥능곡역점,70,5.833333333333333,0.1917808219178082,금별맥주,최근 1년 누적 리뷰수 기준,12,1.9218125974762528
1263698440,의정부역점,1236,103.0,3.3863013698630136,금별맥주,최근 1년 누적 리뷰수 기준,12,4.6443908991413725
1657568318,야탑역점,295,24.58333333333333,0.8082191780821918,금별맥주,최근 1년 누적 리뷰수 기준,12,3.2419410977991965
1074672431,오목천점,70,5.833333333333333,0.1917808219178082,금별맥주,최근 1년 누적 리뷰수 기준,12,1.9218125974762528
1264429310,직영점,1744,145.33333333333334,4.778082191780822,금별맥주,최근 1년 누적 리뷰수 기준,12,4.9858871244070615
1416373307,,63,5.25,0.1726027397260274,금별맥주,최근 1년 누적 리뷰수 기준,12,1.8325814637483102
1939572336,,834,69.5,2.2849315068493152,금별맥주,최근 1년 누적 리뷰수 기준,12,4.255612709818223
2025246783,호매실수자인점,146,12.166666666666666,0.4,금별맥주,최근 1년 누적 리뷰수 기준,12,2.5776883832389665
1231349340,마장점,160,13.333333333333334,0.4383561643835616,금별맥주,최근 1년 누적 리뷰수 기준,12,2.662587827025453
1020139895,풍무점,258,21.5,0.7068493150684931,금별맥주,최근 1년 누적 리뷰수 기준,12,3.1135153092103742
1314343135,역곡점,357,29.75,0.978082191780822,금별맥주,최근 1년 누적 리뷰수 기준,12,3.4258899942525267
1144831833,,275,22.916666666666668,0.7534246575342466,금별맥주,최근 1년 누적 리뷰수 기준,12,3.174575565971621
1548169996,동백점,115,9.583333333333334,0.3150684931506849,금별맥주,최근 1년 누적 리뷰수 기준,12,2.359280436670591
1769471357,수원고색역점,101,8.416666666666666,0.2767123287671232,금별맥주,최근 1년 누적 리뷰수 기준,12,2.24248116892434
1904029520,,179,14.916666666666666,0.4904109589041096,금별맥주,최근 1년 누적 리뷰수 기준,12,2.7673667782586295
1976292314,모란점,266,22.166666666666668,0.7287671232876712,금별맥주,최근 1년 누적 리뷰수 기준,12,3.142714463902637
1284647505,,80,6.666666666666667,0.2191780821917808,금별맥주,최근 1년 누적 리뷰수 기준,12,2.03688192726104
1875835175,목동로데오점,189,15.75,0.5178082191780822,금별맥주,최근 1년 누적 리뷰수 기준,12,2.8183982582710754
1265782586,신정네거리역점,205,17.083333333333332,0.5616438356164384,금별맥주,최근 1년 누적 리뷰수 기준,12,2.8949907037524594
1195530733,사당역점,250,20.83333333333333,0.684931506849315,금별맥주,최근 1년 누적 리뷰수 기준,12,3.083437853973096
1494938619,교대역점,329,27.416666666666668,0.9013698630136986,금별맥주,최근 1년 누적 리뷰수 기준,12,3.3469758274955166
1215140348,발산역점,593,49.41666666666666,1.6246575342465754,금별맥주,최근 1년 누적 리뷰수 기준,12,3.920321808242841
1249032365,마곡역점,206,17.166666666666668,0.5643835616438356,금별맥주,최근 1년 누적 리뷰수 기준,12,2.899588413001089
1418180719,광명역점,1087,90.58333333333331,2.978082191780822,금별맥주,최근 1년 누적 리뷰수 기준,12,4.517249304615621
1473371787,한대앞역점,241,20.08333333333333,0.6602739726027397,금별맥주,최근 1년 누적 리뷰수 기준,12,3.0484828389395195
1175386565,미금점,267,22.25,0.7315068493150685,금별맥주,최근 1년 누적 리뷰수 기준,12,3.1463051320333655
