place_id,지점명,누적_리뷰수,월평균_리뷰수,일평균_리뷰수,브랜드,분석기준,분석개월수
1868359886,구청점,283,23.583333333333332,0.7753424657534247,역전할머니,최근 1년 누적 리뷰수 기준,12
1323812622,명지대점,182,15.166666666666666,0.4986301369863014,역전할머니,최근 1년 누적 리뷰수 기준,12
1311695977,서울신풍역점,10,0.8333333333333334,0.0273972602739726,역전할머니,최근 1년 누적 리뷰수 기준,12
1650551571,서울상봉점,431,35.916666666666664,1.180821917808219,역전할머니,최근 1년 누적 리뷰수 기준,12
1404198758,오류점,1,0.08333333333333333,0.0027397260273972603,역전할머니,최근 1년 누적 리뷰수 기준,12
1054587722,서울방배역점,10,0.8333333333333334,0.0273972602739726,역전할머니,최근 1년 누적 리뷰수 기준,12
1573115649,,215,17.916666666666668,0.589041095890411,역전할머니,최근 1년 누적 리뷰수 기준,12
1407805860,,10,0.8333333333333334,0.0273972602739726,역전할머니,최근 1년 누적 리뷰수 기준,12
1420076532,화곡역점,323,26.916666666666668,0.8849315068493151,역전할머니,최근 1년 누적 리뷰수 기준,12
1337289813,삼거리점,348,29.0,0.9534246575342465,역전할머니,최근 1년 누적 리뷰수 기준,12
1059948798,서울동덕여대점,147,12.25,0.40273972602739727,역전할머니,최근 1년 누적 리뷰수 기준,12
1199375408,성수점,231,19.25,0.6328767123287671,역전할머니,최근 1년 누적 리뷰수 기준,12
1679915153,구청점,205,17.083333333333332,0.5616438356164384,역전할머니,최근 1년 누적 리뷰수 기준,12
1125792665,홍대점,710,59.166666666666664,1.9452054794520548,역전할머니,최근 1년 누적 리뷰수 기준,12
1424284773,,120,10.0,0.3287671232876712,역전할머니,최근 1년 누적 리뷰수 기준,12
1093149808,,222,18.5,0.6082191780821918,역전할머니,최근 1년 누적 리뷰수 기준,12
1383332046,,277,23.083333333333332,0.7589041095890411,역전할머니,최근 1년 누적 리뷰수 기준,12
1014475021,,339,28.25,0.9287671232876712,역전할머니,최근 1년 누적 리뷰수 기준,12
1215644969,사당점,162,13.5,0.4438356164383562,역전할머니,최근 1년 누적 리뷰수 기준,12
1615941540,구로디지털단지점,608,50.666666666666664,1.6657534246575343,역전할머니,최근 1년 누적 리뷰수 기준,12
1071087271,,300,25.0,0.821917808219178,역전할머니,최근 1년 누적 리뷰수 기준,12
1617580186,까치산점,10,0.8333333333333334,0.0273972602739726,역전할머니,최근 1년 누적 리뷰수 기준,12
1105573661,대학로점,789,65.75,2.1616438356164385,역전할머니,최근 1년 누적 리뷰수 기준,12
1893135961,,10,0.8333333333333334,0.0273972602739726,역전할머니,최근 1년 누적 리뷰수 기준,12
1412314791,공릉점,14,1.1666666666666667,0.038356164383561646,역전할머니,최근 1년 누적 리뷰수 기준,12
1126054619,신길점,10,0.8333333333333334,0.0273972602739726,역전할머니,최근 1년 누적 리뷰수 기준,12
1850542918,,10,0.8333333333333334,0.0273972602739726,역전할머니,최근 1년 누적 리뷰수 기준,12
1007222625,,38,3.1666666666666665,0.10410958904109589,역전할머니,최근 1년 누적 리뷰수 기준,12
1223431201,명일점,274,22.833333333333332,0.7506849315068493,역전할머니,최근 1년 누적 리뷰수 기준,12
1862325808,서울대입구역점,435,36.25,1.1917808219178083,역전할머니,최근 1년 누적 리뷰수 기준,12
1363879581,,312,26.0,0.8547945205479452,역전할머니,최근 1년 누적 리뷰수 기준,12
1114717401,,10,0.8333333333333334,0.0273972602739726,역전할머니,최근 1년 누적 리뷰수 기준,12
1716265321,시장점,22,1.8333333333333333,0.06027397260273973,역전할머니,최근 1년 누적 리뷰수 기준,12
1294706090,입구점,10,0.8333333333333334,0.0273972602739726,역전할머니,최근 1년 누적 리뷰수 기준,12
1952342372,신내점,219,18.25,0.6,역전할머니,최근 1년 누적 리뷰수 기준,12
1352004712,,94,7.833333333333333,0.25753424657534246,역전할머니,최근 1년 누적 리뷰수 기준,12
1092241695,서울개봉푸르지오점,28,2.3333333333333335,0.07671232876712329,역전할머니,최근 1년 누적 리뷰수 기준,12
1431663493,사거리점,45,3.75,0.1232876712328767,역전할머니,최근 1년 누적 리뷰수 기준,12
1570808476,일원점,124,10.333333333333334,0.33972602739726027,역전할머니,최근 1년 누적 리뷰수 기준,12
1182019957,,10,0.8333333333333334,0.0273972602739726,역전할머니,최근 1년 누적 리뷰수 기준,12
1649791385,,252,21.0,0.6904109589041096,역전할머니,최근 1년 누적 리뷰수 기준,12
1724520201,3가역점,580,48.333333333333336,1.5890410958904109,역전할머니,최근 1년 누적 리뷰수 기준,12
1691525060,,194,16.166666666666668,0.5315068493150685,역전할머니,최근 1년 누적 리뷰수 기준,12
1726119908,발산역점,963,80.25,2.638356164383562,역전할머니,최근 1년 누적 리뷰수 기준,12
1825323955,건대점,346,28.833333333333332,0.947945205479452,역전할머니,최근 1년 누적 리뷰수 기준,12
1156965631,,98,8.166666666666666,0.2684931506849315,역전할머니,최근 1년 누적 리뷰수 기준,12
1640205976,길동점,203,16.916666666666668,0.5561643835616439,역전할머니,최근 1년 누적 리뷰수 기준,12
1954680855,교대점,39,3.25,0.10684931506849316,역전할머니,최근 1년 누적 리뷰수 기준,12
1298381290,영등포점,390,32.5,1.0684931506849316,역전할머니,최근 1년 누적 리뷰수 기준,12
2089691769,,10,0.8333333333333334,0.0273972602739726,역전할머니,최근 1년 누적 리뷰수 기준,12
1084106478,낙성대점,238,19.833333333333332,0.6520547945205479,역전할머니,최근 1년 누적 리뷰수 기준,12
1099660574,미성점,10,0.8333333333333334,0.0273972602739726,역전할머니,최근 1년 누적 리뷰수 기준,12
1512631131,신촌점,10,0.8333333333333334,0.0273972602739726,역전할머니,최근 1년 누적 리뷰수 기준,12
1502264501,,272,22.666666666666668,0.7452054794520548,역전할머니,최근 1년 누적 리뷰수 기준,12
1595356400,,890,74.16666666666667,2.4383561643835616,역전할머니,최근 1년 누적 리뷰수 기준,12
1131531061,,163,13.583333333333334,0.4465753424657534,역전할머니,최근 1년 누적 리뷰수 기준,12
1166433305,왕십리점,363,30.25,0.9945205479452055,역전할머니,최근 1년 누적 리뷰수 기준,12
1365133624,선릉점,76,6.333333333333333,0.20821917808219179,역전할머니,최근 1년 누적 리뷰수 기준,12
1520286568,,434,36.166666666666664,1.189041095890411,역전할머니,최근 1년 누적 리뷰수 기준,12
1242738933,아차산점,227,18.916666666666668,0.6219178082191781,역전할머니,최근 1년 누적 리뷰수 기준,12
1220021369,,71,5.916666666666667,0.19452054794520549,역전할머니,최근 1년 누적 리뷰수 기준,12
1373524926,,301,25.083333333333332,0.8246575342465754,역전할머니,최근 1년 누적 리뷰수 기준,12
1299240760,,172,14.333333333333334,0.4712328767123288,역전할머니,최근 1년 누적 리뷰수 기준,12
1941169644,한양대점,46,3.8333333333333335,0.12602739726027398,역전할머니,최근 1년 누적 리뷰수 기준,12
1618413004,,56,4.666666666666667,0.15342465753424658,역전할머니,최근 1년 누적 리뷰수 기준,12
1904735187,장한평점,206,17.166666666666668,0.5643835616438356,역전할머니,최근 1년 누적 리뷰수 기준,12
1212496284,,472,39.333333333333336,1.2931506849315069,역전할머니,최근 1년 누적 리뷰수 기준,12
1330188617,,261,21.75,0.7150684931506849,역전할머니,최근 1년 누적 리뷰수 기준,12
1348679964,,450,37.5,1.2328767123287672,역전할머니,최근 1년 누적 리뷰수 기준,12
1297849036,노원점,508,42.333333333333336,1.3917808219178083,역전할머니,최근 1년 누적 리뷰수 기준,12
1449854694,독산2동점,23,1.9166666666666667,0.06301369863013699,역전할머니,최근 1년 누적 리뷰수 기준,12
1756212678,암사점,189,15.75,0.5178082191780822,역전할머니,최근 1년 누적 리뷰수 기준,12
1491229549,오목교점,215,17.916666666666668,0.589041095890411,역전할머니,최근 1년 누적 리뷰수 기준,12
1083611120,,167,13.916666666666666,0.4575342465753425,역전할머니,최근 1년 누적 리뷰수 기준,12
1883733660,남성역점,109,9.083333333333334,0.29863013698630136,역전할머니,최근 1년 누적 리뷰수 기준,12
1686744583,,364,30.333333333333332,0.9972602739726028,역전할머니,최근 1년 누적 리뷰수 기준,12
1007235152,용산점,110,9.166666666666666,0.3013698630136986,역전할머니,최근 1년 누적 리뷰수 기준,12
1875677589,마곡나루점,298,24.833333333333332,0.8164383561643835,역전할머니,최근 1년 누적 리뷰수 기준,12
1081996780,강남역점,292,24.333333333333332,0.8,역전할머니,최근 1년 누적 리뷰수 기준,12
1431943565,,194,16.166666666666668,0.5315068493150685,역전할머니,최근 1년 누적 리뷰수 기준,12
1394095183,,59,4.916666666666667,0.16164383561643836,역전할머니,최근 1년 누적 리뷰수 기준,12
1925263470,,104,8.666666666666666,0.28493150684931506,역전할머니,최근 1년 누적 리뷰수 기준,12
1125401397,쌍문역점,176,14.666666666666666,0.4821917808219178,역전할머니,최근 1년 누적 리뷰수 기준,12
1840210126,가산점,285,23.75,0.7808219178082192,역전할머니,최근 1년 누적 리뷰수 기준,12
1708276745,,88,7.333333333333333,0.2410958904109589,역전할머니,최근 1년 누적 리뷰수 기준,12
2006884314,신논현점,140,11.666666666666666,0.3835616438356164,역전할머니,최근 1년 누적 리뷰수 기준,12
1219066886,,286,23.833333333333332,0.7835616438356164,역전할머니,최근 1년 누적 리뷰수 기준,12
1918585793,,121,10.083333333333334,0.3315068493150685,역전할머니,최근 1년 누적 리뷰수 기준,12
1716668282,,220,18.333333333333332,0.6027397260273972,역전할머니,최근 1년 누적 리뷰수 기준,12
1253841735,홍제점,201,16.75,0.5506849315068493,역전할머니,최근 1년 누적 리뷰수 기준,12
1642017043,사거리점,272,22.666666666666668,0.7452054794520548,역전할머니,최근 1년 누적 리뷰수 기준,12
1211085280,서울미아점,178,14.833333333333334,0.4876712328767123,역전할머니,최근 1년 누적 리뷰수 기준,12
1267173845,,196,16.333333333333332,0.536986301369863,역전할머니,최근 1년 누적 리뷰수 기준,12
1893946805,,195,16.25,0.5342465753424658,역전할머니,최근 1년 누적 리뷰수 기준,12
1103233906,,90,7.5,0.2465753424657534,역전할머니,최근 1년 누적 리뷰수 기준,12
1983903998,시장점,201,16.75,0.5506849315068493,역전할머니,최근 1년 누적 리뷰수 기준,12
1790863038,거리점,139,11.583333333333334,0.38082191780821917,역전할머니,최근 1년 누적 리뷰수 기준,12
1837963858,,766,63.833333333333336,2.0986301369863014,역전할머니,최근 1년 누적 리뷰수 기준,12
1116322096,망원점,394,32.833333333333336,1.0794520547945206,역전할머니,최근 1년 누적 리뷰수 기준,12
1281283424,고척점,217,18.083333333333332,0.5945205479452055,역전할머니,최근 1년 누적 리뷰수 기준,12
1004012665,천호점,730,60.833333333333336,2.0,역전할머니,최근 1년 누적 리뷰수 기준,12
1686775093,로데오점,453,37.75,1.2410958904109588,역전할머니,최근 1년 누적 리뷰수 기준,12
1208854457,구의점,294,24.5,0.8054794520547945,역전할머니,최근 1년 누적 리뷰수 기준,12
1093524286,법조타운점,1103,91.91666666666667,3.021917808219178,역전할머니,최근 1년 누적 리뷰수 기준,12
1939413310,,73,6.083333333333333,0.2,역전할머니,최근 1년 누적 리뷰수 기준,12
1264036723,,111,9.25,0.3041095890410959,역전할머니,최근 1년 누적 리뷰수 기준,12
1864336491,,307,25.583333333333332,0.8410958904109589,역전할머니,최근 1년 누적 리뷰수 기준,12
1665937291,답십리점,252,21.0,0.6904109589041096,역전할머니,최근 1년 누적 리뷰수 기준,12
1865144042,,158,13.166666666666666,0.4328767123287671,역전할머니,최근 1년 누적 리뷰수 기준,12
1528559468,,257,21.416666666666668,0.7041095890410959,역전할머니,최근 1년 누적 리뷰수 기준,12
1697616575,신도림점,629,52.416666666666664,1.7232876712328766,역전할머니,최근 1년 누적 리뷰수 기준,12
1638779414,,303,25.25,0.8301369863013699,역전할머니,최근 1년 누적 리뷰수 기준,12
1709618790,,168,14.0,0.4602739726027397,역전할머니,최근 1년 누적 리뷰수 기준,12
1447876791,서울봉천점,248,20.666666666666668,0.6794520547945205,역전할머니,최근 1년 누적 리뷰수 기준,12
1883160911,미아사거리점,322,26.833333333333332,0.8821917808219178,역전할머니,최근 1년 누적 리뷰수 기준,12
1487592716,,278,23.166666666666668,0.7616438356164383,역전할머니,최근 1년 누적 리뷰수 기준,12
1259438090,,442,36.833333333333336,1.210958904109589,역전할머니,최근 1년 누적 리뷰수 기준,12
1142331080,,221,18.416666666666668,0.6054794520547945,역전할머니,최근 1년 누적 리뷰수 기준,12
1782064053,신천점,514,42.833333333333336,1.4082191780821918,역전할머니,최근 1년 누적 리뷰수 기준,12
1827099901,중앙대점,205,17.083333333333332,0.5616438356164384,역전할머니,최근 1년 누적 리뷰수 기준,12
1855644496,상암점,167,13.916666666666666,0.4575342465753425,역전할머니,최근 1년 누적 리뷰수 기준,12
1743181781,서울보라매역점,170,14.166666666666666,0.4657534246575342,역전할머니,최근 1년 누적 리뷰수 기준,12
1115085909,,129,10.75,0.35342465753424657,역전할머니,최근 1년 누적 리뷰수 기준,12
1397283887,,167,13.916666666666666,0.4575342465753425,역전할머니,최근 1년 누적 리뷰수 기준,12
1291366943,오리역점,296,24.666666666666668,0.810958904109589,역전할머니,최근 1년 누적 리뷰수 기준,12
1107851565,판교역점,146,12.166666666666666,0.4,역전할머니,최근 1년 누적 리뷰수 기준,12
1358873748,가좌점,95,7.916666666666667,0.2602739726027397,역전할머니,최근 1년 누적 리뷰수 기준,12
1027060589,고양동점,80,6.666666666666667,0.2191780821917808,역전할머니,최근 1년 누적 리뷰수 기준,12
1078478269,,123,10.25,0.336986301369863,역전할머니,최근 1년 누적 리뷰수 기준,12
1380748932,,234,19.5,0.6410958904109589,역전할머니,최근 1년 누적 리뷰수 기준,12
1477241116,안산신길점,72,6.0,0.19726027397260273,역전할머니,최근 1년 누적 리뷰수 기준,12
2073433504,경기광주경안점,9,0.75,0.024657534246575342,역전할머니,최근 1년 누적 리뷰수 기준,12
1925758063,흥덕점,122,10.166666666666666,0.33424657534246577,역전할머니,최근 1년 누적 리뷰수 기준,12
2004339615,상신점,4,0.3333333333333333,0.010958904109589041,역전할머니,최근 1년 누적 리뷰수 기준,12
1500937003,법원점,136,11.333333333333334,0.3726027397260274,역전할머니,최근 1년 누적 리뷰수 기준,12
1387072005,인계점,389,32.416666666666664,1.0657534246575342,역전할머니,최근 1년 누적 리뷰수 기준,12
1545807150,,171,14.25,0.4684931506849315,역전할머니,최근 1년 누적 리뷰수 기준,12
1375891395,식사점,99,8.25,0.27123287671232876,역전할머니,최근 1년 누적 리뷰수 기준,12
1653318859,역곡점,289,24.083333333333332,0.7917808219178082,역전할머니,최근 1년 누적 리뷰수 기준,12
1202988463,진접점,150,12.5,0.410958904109589,역전할머니,최근 1년 누적 리뷰수 기준,12
1081200889,,211,17.583333333333332,0.5780821917808219,역전할머니,최근 1년 누적 리뷰수 기준,12
1564245185,,236,19.666666666666668,0.6465753424657534,역전할머니,최근 1년 누적 리뷰수 기준,12
1641298819,,88,7.333333333333333,0.2410958904109589,역전할머니,최근 1년 누적 리뷰수 기준,12
1043971488,오목천점,90,7.5,0.2465753424657534,역전할머니,최근 1년 누적 리뷰수 기준,12
1269638080,오산궐동점,49,4.083333333333333,0.13424657534246576,역전할머니,최근 1년 누적 리뷰수 기준,12
1121119852,포승점,57,4.75,0.15616438356164383,역전할머니,최근 1년 누적 리뷰수 기준,12
1531287826,,118,9.833333333333334,0.3232876712328767,역전할머니,최근 1년 누적 리뷰수 기준,12
1336214521,중앙역점,255,21.25,0.6986301369863014,역전할머니,최근 1년 누적 리뷰수 기준,12
1770103662,,151,12.583333333333334,0.4136986301369863,역전할머니,최근 1년 누적 리뷰수 기준,12
1714605319,,95,7.916666666666667,0.2602739726027397,역전할머니,최근 1년 누적 리뷰수 기준,12
1543726258,성남동서울대점,153,12.75,0.4191780821917808,역전할머니,최근 1년 누적 리뷰수 기준,12
1593671504,,188,15.666666666666666,0.5150684931506849,역전할머니,최근 1년 누적 리뷰수 기준,12
1101064292,,148,12.333333333333334,0.4054794520547945,역전할머니,최근 1년 누적 리뷰수 기준,12
1639281481,정자점,240,20.0,0.6575342465753424,역전할머니,최근 1년 누적 리뷰수 기준,12
1980846214,금촌점,200,16.666666666666668,0.547945205479452,역전할머니,최근 1년 누적 리뷰수 기준,12
1334489648,,215,17.916666666666668,0.589041095890411,역전할머니,최근 1년 누적 리뷰수 기준,12
1122647370,센트럴파크점,256,21.333333333333332,0.7013698630136986,역전할머니,최근 1년 누적 리뷰수 기준,12
1995328139,,152,12.666666666666666,0.41643835616438357,역전할머니,최근 1년 누적 리뷰수 기준,12
1261572579,풍무점,145,12.083333333333334,0.3972602739726027,역전할머니,최근 1년 누적 리뷰수 기준,12
1484043295,마산점,99,8.25,0.27123287671232876,역전할머니,최근 1년 누적 리뷰수 기준,12
2060028511,가평점,6,0.5,0.01643835616438356,역전할머니,최근 1년 누적 리뷰수 기준,12
1120896099,정왕점,169,14.083333333333334,0.46301369863013697,역전할머니,최근 1년 누적 리뷰수 기준,12
1044195828,,16,1.3333333333333333,0.043835616438356165,역전할머니,최근 1년 누적 리뷰수 기준,12
2028586634,중동점,15,1.25,0.0410958904109589,역전할머니,최근 1년 누적 리뷰수 기준,12
1288163025,,37,3.0833333333333335,0.10136986301369863,역전할머니,최근 1년 누적 리뷰수 기준,12
1461483346,,284,23.666666666666668,0.7780821917808219,역전할머니,최근 1년 누적 리뷰수 기준,12
1386930975,호평점,260,21.666666666666668,0.7123287671232876,역전할머니,최근 1년 누적 리뷰수 기준,12
1475895833,구청점,17,1.4166666666666667,0.04657534246575343,역전할머니,최근 1년 누적 리뷰수 기준,12
1151781076,군포당정점,5,0.4166666666666667,0.0136986301369863,역전할머니,최근 1년 누적 리뷰수 기준,12
1192310932,신도시점,168,14.0,0.4602739726027397,역전할머니,최근 1년 누적 리뷰수 기준,12
1985336624,수원매탄점,116,9.666666666666666,0.3178082191780822,역전할머니,최근 1년 누적 리뷰수 기준,12
1212647341,로데오점,248,20.666666666666668,0.6794520547945205,역전할머니,최근 1년 누적 리뷰수 기준,12
1229628998,박달점,180,15.0,0.4931506849315068,역전할머니,최근 1년 누적 리뷰수 기준,12
1164737192,곡반정점,131,10.916666666666666,0.3589041095890411,역전할머니,최근 1년 누적 리뷰수 기준,12
1429059026,고잔점,280,23.333333333333332,0.7671232876712328,역전할머니,최근 1년 누적 리뷰수 기준,12
1341070762,,4,0.3333333333333333,0.010958904109589041,역전할머니,최근 1년 누적 리뷰수 기준,12
1675941778,,22,1.8333333333333333,0.06027397260273973,역전할머니,최근 1년 누적 리뷰수 기준,12
1539758577,호수공원점,305,25.416666666666668,0.8356164383561644,역전할머니,최근 1년 누적 리뷰수 기준,12
1130662963,,513,42.75,1.4054794520547946,역전할머니,최근 1년 누적 리뷰수 기준,12
1152966956,,61,5.083333333333333,0.16712328767123288,역전할머니,최근 1년 누적 리뷰수 기준,12
1855730149,,205,17.083333333333332,0.5616438356164384,역전할머니,최근 1년 누적 리뷰수 기준,12
1934587126,광장점,243,20.25,0.6657534246575343,역전할머니,최근 1년 누적 리뷰수 기준,12
1563654697,신도시점,438,36.5,1.2,역전할머니,최근 1년 누적 리뷰수 기준,12
1095843436,,91,7.583333333333333,0.2493150684931507,역전할머니,최근 1년 누적 리뷰수 기준,12
1718262211,,62,5.166666666666667,0.16986301369863013,역전할머니,최근 1년 누적 리뷰수 기준,12
1221164706,수원역점,425,35.416666666666664,1.1643835616438356,역전할머니,최근 1년 누적 리뷰수 기준,12
1671462839,,180,15.0,0.4931506849315068,역전할머니,최근 1년 누적 리뷰수 기준,12
1140050388,소하점,184,15.333333333333334,0.5041095890410959,역전할머니,최근 1년 누적 리뷰수 기준,12
1827234611,,329,27.416666666666668,0.9013698630136986,역전할머니,최근 1년 누적 리뷰수 기준,12
1003306910,금오점,232,19.333333333333332,0.6356164383561644,역전할머니,최근 1년 누적 리뷰수 기준,12
1401517138,와동점,86,7.166666666666667,0.2356164383561644,역전할머니,최근 1년 누적 리뷰수 기준,12
1496785057,,155,12.916666666666666,0.4246575342465753,역전할머니,최근 1년 누적 리뷰수 기준,12
1316989193,오포점,108,9.0,0.2958904109589041,역전할머니,최근 1년 누적 리뷰수 기준,12
1528813980,,9,0.75,0.024657534246575342,역전할머니,최근 1년 누적 리뷰수 기준,12
1529376857,지행점,164,13.666666666666666,0.44931506849315067,역전할머니,최근 1년 누적 리뷰수 기준,12
1306011169,,31,2.5833333333333335,0.08493150684931507,역전할머니,최근 1년 누적 리뷰수 기준,12
1350593533,중앙점,211,17.583333333333332,0.5780821917808219,역전할머니,최근 1년 누적 리뷰수 기준,12
1185584557,소사점,80,6.666666666666667,0.2191780821917808,역전할머니,최근 1년 누적 리뷰수 기준,12
1728053017,,28,2.3333333333333335,0.07671232876712329,역전할머니,최근 1년 누적 리뷰수 기준,12
1934619685,,4,0.3333333333333333,0.010958904109589041,역전할머니,최근 1년 누적 리뷰수 기준,12
1667394356,양벌점,14,1.1666666666666667,0.038356164383561646,역전할머니,최근 1년 누적 리뷰수 기준,12
1166525407,,66,5.5,0.18082191780821918,역전할머니,최근 1년 누적 리뷰수 기준,12
1599677441,의정부민락점,211,17.583333333333332,0.5780821917808219,역전할머니,최근 1년 누적 리뷰수 기준,12
1609018605,,20,1.6666666666666667,0.0547945205479452,역전할머니,최근 1년 누적 리뷰수 기준,12
1310839658,,37,3.0833333333333335,0.10136986301369863,역전할머니,최근 1년 누적 리뷰수 기준,12
1604387325,오산시청점,23,1.9166666666666667,0.06301369863013699,역전할머니,최근 1년 누적 리뷰수 기준,12
1365525277,호수공원점,144,12.0,0.39452054794520547,역전할머니,최근 1년 누적 리뷰수 기준,12
1047858386,동삭점,86,7.166666666666667,0.2356164383561644,역전할머니,최근 1년 누적 리뷰수 기준,12
1031083325,,186,15.5,0.5095890410958904,역전할머니,최근 1년 누적 리뷰수 기준,12
1942532632,일산웨스턴돔점,223,18.583333333333332,0.6109589041095891,역전할머니,최근 1년 누적 리뷰수 기준,12
1924330846,경기광주쌍령점,527,43.916666666666664,1.4438356164383561,역전할머니,최근 1년 누적 리뷰수 기준,12
1231800684,,291,24.25,0.7972602739726027,역전할머니,최근 1년 누적 리뷰수 기준,12
1131916454,합정점,87,7.25,0.23835616438356164,역전할머니,최근 1년 누적 리뷰수 기준,12
1486532406,,45,3.75,0.1232876712328767,역전할머니,최근 1년 누적 리뷰수 기준,12
1032543682,마을점,38,3.1666666666666665,0.10410958904109589,역전할머니,최근 1년 누적 리뷰수 기준,12
1283663444,,216,18.0,0.5917808219178082,역전할머니,최근 1년 누적 리뷰수 기준,12
1502886652,사거리점,276,23.0,0.7561643835616438,역전할머니,최근 1년 누적 리뷰수 기준,12
1347315519,화성봉담2지구점,93,7.75,0.2547945205479452,역전할머니,최근 1년 누적 리뷰수 기준,12
1094108498,천동점,135,11.25,0.3698630136986301,역전할머니,최근 1년 누적 리뷰수 기준,12
1315467654,탑동점,172,14.333333333333334,0.4712328767123288,역전할머니,최근 1년 누적 리뷰수 기준,12
1201225994,구청점,235,19.583333333333332,0.6438356164383562,역전할머니,최근 1년 누적 리뷰수 기준,12
1095389920,안산한양대점,65,5.416666666666667,0.1780821917808219,역전할머니,최근 1년 누적 리뷰수 기준,12
1529303622,,86,7.166666666666667,0.2356164383561644,역전할머니,최근 1년 누적 리뷰수 기준,12
1275359715,,127,10.583333333333334,0.34794520547945207,역전할머니,최근 1년 누적 리뷰수 기준,12
1856141633,오정점,115,9.583333333333334,0.3150684931506849,역전할머니,최근 1년 누적 리뷰수 기준,12
1326128647,운양점,80,6.666666666666667,0.2191780821917808,역전할머니,최근 1년 누적 리뷰수 기준,12
1329344968,위례점,24,2.0,0.06575342465753424,역전할머니,최근 1년 누적 리뷰수 기준,12
1345961322,,610,50.833333333333336,1.6712328767123288,역전할머니,최근 1년 누적 리뷰수 기준,12
1416268607,시청역점,157,13.083333333333334,0.4301369863013699,역전할머니,최근 1년 누적 리뷰수 기준,12
1715463219,상동점,290,24.166666666666668,0.7945205479452054,역전할머니,최근 1년 누적 리뷰수 기준,12
1970770706,,75,6.25,0.2054794520547945,역전할머니,최근 1년 누적 리뷰수 기준,12
1047538304,마석점,174,14.5,0.4767123287671233,역전할머니,최근 1년 누적 리뷰수 기준,12
1203738762,산본점,261,21.75,0.7150684931506849,역전할머니,최근 1년 누적 리뷰수 기준,12
1085628828,하남감일점,80,6.666666666666667,0.2191780821917808,역전할머니,최근 1년 누적 리뷰수 기준,12
1292391064,,58,4.833333333333333,0.1589041095890411,역전할머니,최근 1년 누적 리뷰수 기준,12
1618620966,반월점,350,29.166666666666668,0.958904109589041,역전할머니,최근 1년 누적 리뷰수 기준,12
1564897016,안중점,154,12.833333333333334,0.42191780821917807,역전할머니,최근 1년 누적 리뷰수 기준,12
1930537898,진접역점,60,5.0,0.1643835616438356,역전할머니,최근 1년 누적 리뷰수 기준,12
1272666945,,172,14.333333333333334,0.4712328767123288,역전할머니,최근 1년 누적 리뷰수 기준,12
1743564761,,71,5.916666666666667,0.19452054794520549,역전할머니,최근 1년 누적 리뷰수 기준,12
1069547938,,306,25.5,0.8383561643835616,역전할머니,최근 1년 누적 리뷰수 기준,12
1664789586,공도점,112,9.333333333333334,0.30684931506849317,역전할머니,최근 1년 누적 리뷰수 기준,12
1534049176,,177,14.75,0.4849315068493151,역전할머니,최근 1년 누적 리뷰수 기준,12
1104406299,,21,1.75,0.057534246575342465,역전할머니,최근 1년 누적 리뷰수 기준,12
1914402029,,92,7.666666666666667,0.25205479452054796,역전할머니,최근 1년 누적 리뷰수 기준,12
1053571029,,376,31.333333333333332,1.0301369863013699,역전할머니,최근 1년 누적 리뷰수 기준,12
1589740014,,69,5.75,0.18904109589041096,역전할머니,최근 1년 누적 리뷰수 기준,12
1251289688,위례점,9,0.75,0.024657534246575342,역전할머니,최근 1년 누적 리뷰수 기준,12
1739324821,시장점,32,2.6666666666666665,0.08767123287671233,역전할머니,최근 1년 누적 리뷰수 기준,12
1973820010,,580,48.333333333333336,1.5890410958904109,역전할머니,최근 1년 누적 리뷰수 기준,12
1526986047,로데오점,35,2.9166666666666665,0.0958904109589041,역전할머니,최근 1년 누적 리뷰수 기준,12
1788671295,본점,108,9.0,0.2958904109589041,역전할머니,최근 1년 누적 리뷰수 기준,12
1050993722,은계점,131,10.916666666666666,0.3589041095890411,역전할머니,최근 1년 누적 리뷰수 기준,12
1046930641,야당점,546,45.5,1.4958904109589042,역전할머니,최근 1년 누적 리뷰수 기준,12
1446761157,군포당동점,202,16.833333333333332,0.5534246575342465,역전할머니,최근 1년 누적 리뷰수 기준,12
1276398984,행신역점,156,13.0,0.4273972602739726,역전할머니,최근 1년 누적 리뷰수 기준,12
2032724448,옥정점,8,0.6666666666666666,0.021917808219178082,역전할머니,최근 1년 누적 리뷰수 기준,12
1626443443,반송점,158,13.166666666666666,0.4328767123287671,역전할머니,최근 1년 누적 리뷰수 기준,12
1902214765,송내점,80,6.666666666666667,0.2191780821917808,역전할머니,최근 1년 누적 리뷰수 기준,12
1583835753,아주대점,234,19.5,0.6410958904109589,역전할머니,최근 1년 누적 리뷰수 기준,12
1098387318,마을점,112,9.333333333333334,0.30684931506849317,역전할머니,최근 1년 누적 리뷰수 기준,12
1957512936,,371,30.916666666666668,1.0164383561643835,역전할머니,최근 1년 누적 리뷰수 기준,12
1068781997,마을점,194,16.166666666666668,0.5315068493150685,역전할머니,최근 1년 누적 리뷰수 기준,12
1744675487,테크노밸리점,116,9.666666666666666,0.3178082191780822,역전할머니,최근 1년 누적 리뷰수 기준,12
1997098203,,28,2.3333333333333335,0.07671232876712329,역전할머니,최근 1년 누적 리뷰수 기준,12
1419560678,,62,5.166666666666667,0.16986301369863013,역전할머니,최근 1년 누적 리뷰수 기준,12
1520975504,퇴계원점,52,4.333333333333333,0.14246575342465753,역전할머니,최근 1년 누적 리뷰수 기준,12
1700121235,태전점,68,5.666666666666667,0.1863013698630137,역전할머니,최근 1년 누적 리뷰수 기준,12
1669752875,,32,2.6666666666666665,0.08767123287671233,역전할머니,최근 1년 누적 리뷰수 기준,12
1819733849,김포구래점,195,16.25,0.5342465753424658,역전할머니,최근 1년 누적 리뷰수 기준,12
1695640440,,166,13.833333333333334,0.4547945205479452,역전할머니,최근 1년 누적 리뷰수 기준,12
1662562207,야탑점,244,20.333333333333332,0.6684931506849315,역전할머니,최근 1년 누적 리뷰수 기준,12
1075452973,,85,7.083333333333333,0.2328767123287671,역전할머니,최근 1년 누적 리뷰수 기준,12
1183679383,일산백석점,275,22.916666666666668,0.7534246575342466,역전할머니,최근 1년 누적 리뷰수 기준,12
1156178973,성균관대점,211,17.583333333333332,0.5780821917808219,역전할머니,최근 1년 누적 리뷰수 기준,12
1961556567,,123,10.25,0.336986301369863,역전할머니,최근 1년 누적 리뷰수 기준,12
1855603068,평택고덕점,90,7.5,0.2465753424657534,역전할머니,최근 1년 누적 리뷰수 기준,12
2036202855,,0,0.0,0.0,역전할머니,최근 1년 누적 리뷰수 기준,12
1867887935,화정점,458,38.166666666666664,1.2547945205479452,역전할머니,최근 1년 누적 리뷰수 기준,12
1773727770,,176,14.666666666666666,0.4821917808219178,역전할머니,최근 1년 누적 리뷰수 기준,12
1402050649,,119,9.916666666666666,0.32602739726027397,역전할머니,최근 1년 누적 리뷰수 기준,12
1477211341,중리점,211,17.583333333333332,0.5780821917808219,역전할머니,최근 1년 누적 리뷰수 기준,12
1825725375,,47,3.9166666666666665,0.12876712328767123,역전할머니,최근 1년 누적 리뷰수 기준,12
1689089491,보라점,175,14.583333333333334,0.4794520547945205,역전할머니,최근 1년 누적 리뷰수 기준,12
1617851980,병점점,232,19.333333333333332,0.6356164383561644,역전할머니,최근 1년 누적 리뷰수 기준,12
1927925705,서현점,260,21.666666666666668,0.7123287671232876,역전할머니,최근 1년 누적 리뷰수 기준,12
1070341433,,38,3.1666666666666665,0.10410958904109589,역전할머니,최근 1년 누적 리뷰수 기준,12
1376823175,,136,11.333333333333334,0.3726027397260274,역전할머니,최근 1년 누적 리뷰수 기준,12
1390740042,,139,11.583333333333334,0.38082191780821917,역전할머니,최근 1년 누적 리뷰수 기준,12
1264776733,영통점,139,11.583333333333334,0.38082191780821917,역전할머니,최근 1년 누적 리뷰수 기준,12
1241677174,소사벌점,187,15.583333333333334,0.5123287671232877,역전할머니,최근 1년 누적 리뷰수 기준,12
1553565618,하이닉스점,200,16.666666666666668,0.547945205479452,역전할머니,최근 1년 누적 리뷰수 기준,12
1144308043,,181,15.083333333333334,0.4958904109589041,역전할머니,최근 1년 누적 리뷰수 기준,12
1149042526,장기점,412,34.333333333333336,1.1287671232876713,역전할머니,최근 1년 누적 리뷰수 기준,12
1667781793,,217,18.083333333333332,0.5945205479452055,역전할머니,최근 1년 누적 리뷰수 기준,12
1623890470,문산점,65,5.416666666666667,0.1780821917808219,역전할머니,최근 1년 누적 리뷰수 기준,12
1349495996,,138,11.5,0.3780821917808219,역전할머니,최근 1년 누적 리뷰수 기준,12
1468997905,신도시점,73,6.083333333333333,0.2,역전할머니,최근 1년 누적 리뷰수 기준,12
1095383795,영천점,182,15.166666666666666,0.4986301369863014,역전할머니,최근 1년 누적 리뷰수 기준,12
1777694244,초지점,148,12.333333333333334,0.4054794520547945,역전할머니,최근 1년 누적 리뷰수 기준,12
1416990198,,174,14.5,0.4767123287671233,역전할머니,최근 1년 누적 리뷰수 기준,12
1992923813,,117,9.75,0.32054794520547947,역전할머니,최근 1년 누적 리뷰수 기준,12
1209111618,광명역점,184,15.333333333333334,0.5041095890410959,역전할머니,최근 1년 누적 리뷰수 기준,12
1910684172,,57,4.75,0.15616438356164383,역전할머니,최근 1년 누적 리뷰수 기준,12
1303652689,안양일번가점,414,34.5,1.1342465753424658,역전할머니,최근 1년 누적 리뷰수 기준,12
1699151005,,207,17.25,0.5671232876712329,역전할머니,최근 1년 누적 리뷰수 기준,12
1710467126,,253,21.083333333333332,0.6931506849315069,역전할머니,최근 1년 누적 리뷰수 기준,12
1660117557,,98,8.166666666666666,0.2684931506849315,역전할머니,최근 1년 누적 리뷰수 기준,12
1262360533,상록수점,168,14.0,0.4602739726027397,역전할머니,최근 1년 누적 리뷰수 기준,12
1403299671,평택용이점,133,11.083333333333334,0.3643835616438356,역전할머니,최근 1년 누적 리뷰수 기준,12
1280687010,,420,35.0,1.1506849315068493,역전할머니,최근 1년 누적 리뷰수 기준,12
1582135442,,201,16.75,0.5506849315068493,역전할머니,최근 1년 누적 리뷰수 기준,12
1851194409,원흥점,263,21.916666666666668,0.7205479452054795,역전할머니,최근 1년 누적 리뷰수 기준,12
1899006096,신구대점,234,19.5,0.6410958904109589,역전할머니,최근 1년 누적 리뷰수 기준,12
1896506249,중앙역점,148,12.333333333333334,0.4054794520547945,역전할머니,최근 1년 누적 리뷰수 기준,12
1352151835,,317,26.416666666666668,0.8684931506849315,역전할머니,최근 1년 누적 리뷰수 기준,12
1147712129,능동점,113,9.416666666666666,0.3095890410958904,역전할머니,최근 1년 누적 리뷰수 기준,12
1348695159,,49,4.083333333333333,0.13424657534246576,역전할머니,최근 1년 누적 리뷰수 기준,12
1584181408,,121,10.083333333333334,0.3315068493150685,역전할머니,최근 1년 누적 리뷰수 기준,12
1816221934,금정점,455,37.916666666666664,1.2465753424657535,역전할머니,최근 1년 누적 리뷰수 기준,12
1434024280,향남2지구점,151,12.583333333333334,0.4136986301369863,역전할머니,최근 1년 누적 리뷰수 기준,12
1535589492,하안점,291,24.25,0.7972602739726027,역전할머니,최근 1년 누적 리뷰수 기준,12
1891683756,,152,12.666666666666666,0.41643835616438357,역전할머니,최근 1년 누적 리뷰수 기준,12
1177597880,교하점,126,10.5,0.3452054794520548,역전할머니,최근 1년 누적 리뷰수 기준,12
1228767540,,175,14.583333333333334,0.4794520547945205,역전할머니,최근 1년 누적 리뷰수 기준,12
1091472254,신원점,138,11.5,0.3780821917808219,역전할머니,최근 1년 누적 리뷰수 기준,12
1470294699,구리돌다리점,350,29.166666666666668,0.958904109589041,역전할머니,최근 1년 누적 리뷰수 기준,12
1113384749,동양미래대점,160,13.333333333333334,0.4383561643835616,금별맥주,최근 1년 누적 리뷰수 기준,12
1320051621,양천향교점,218,18.166666666666668,0.5972602739726027,금별맥주,최근 1년 누적 리뷰수 기준,12
1588254549,,158,13.166666666666666,0.4328767123287671,금별맥주,최근 1년 누적 리뷰수 기준,12
1601981946,송정역점,169,14.083333333333334,0.46301369863013697,금별맥주,최근 1년 누적 리뷰수 기준,12
1161335521,,413,34.416666666666664,1.1315068493150684,금별맥주,최근 1년 누적 리뷰수 기준,12
1126343564,연신내점,196,16.333333333333332,0.536986301369863,금별맥주,최근 1년 누적 리뷰수 기준,12
1632711633,성신여대점,262,21.833333333333332,0.7178082191780822,금별맥주,최근 1년 누적 리뷰수 기준,12
1516484705,삼거리점,44,3.6666666666666665,0.12054794520547946,금별맥주,최근 1년 누적 리뷰수 기준,12
1308648776,성수점,286,23.833333333333332,0.7835616438356164,금별맥주,최근 1년 누적 리뷰수 기준,12
1972585179,,379,31.583333333333332,1.0383561643835617,금별맥주,최근 1년 누적 리뷰수 기준,12
1189283598,신도림점,153,12.75,0.4191780821917808,금별맥주,최근 1년 누적 리뷰수 기준,12
1120915524,종로평창점,35,2.9166666666666665,0.0958904109589041,금별맥주,최근 1년 누적 리뷰수 기준,12
1831537710,홍제점,202,16.833333333333332,0.5534246575342465,금별맥주,최근 1년 누적 리뷰수 기준,12
1456505357,홍대점,464,38.666666666666664,1.2712328767123289,금별맥주,최근 1년 누적 리뷰수 기준,12
1765329714,길동점,186,15.5,0.5095890410958904,금별맥주,최근 1년 누적 리뷰수 기준,12
1005671374,당산점,221,18.416666666666668,0.6054794520547945,금별맥주,최근 1년 누적 리뷰수 기준,12
1109103798,오거리점,90,7.5,0.2465753424657534,금별맥주,최근 1년 누적 리뷰수 기준,12
1654545522,영등포점,287,23.916666666666668,0.7863013698630137,금별맥주,최근 1년 누적 리뷰수 기준,12
1151197342,충정로역점,167,13.916666666666666,0.4575342465753425,금별맥주,최근 1년 누적 리뷰수 기준,12
1480935223,등촌역점,138,11.5,0.3780821917808219,금별맥주,최근 1년 누적 리뷰수 기준,12
1294998541,구청점,118,9.833333333333334,0.3232876712328767,금별맥주,최근 1년 누적 리뷰수 기준,12
1164697805,오목교점,359,29.916666666666668,0.9835616438356164,금별맥주,최근 1년 누적 리뷰수 기준,12
1460937600,자이점,426,35.5,1.167123287671233,금별맥주,최근 1년 누적 리뷰수 기준,12
1826878021,,349,29.083333333333332,0.9561643835616438,금별맥주,최근 1년 누적 리뷰수 기준,12
1035417750,구로디지털단지점,307,25.583333333333332,0.8410958904109589,금별맥주,최근 1년 누적 리뷰수 기준,12
1778168403,화곡점,998,83.16666666666667,2.734246575342466,금별맥주,최근 1년 누적 리뷰수 기준,12
1269875819,응암점,149,12.416666666666666,0.40821917808219177,금별맥주,최근 1년 누적 리뷰수 기준,12
1058646920,천호점,758,63.166666666666664,2.0767123287671234,금별맥주,최근 1년 누적 리뷰수 기준,12
1754035019,종로점,536,44.666666666666664,1.4684931506849315,금별맥주,최근 1년 누적 리뷰수 기준,12
1538729455,마곡나루역,327,27.25,0.8958904109589041,금별맥주,최근 1년 누적 리뷰수 기준,12
1160722316,건대점,209,17.416666666666668,0.5726027397260274,금별맥주,최근 1년 누적 리뷰수 기준,12
1117014686,구청점,253,21.083333333333332,0.6931506849315069,금별맥주,최근 1년 누적 리뷰수 기준,12
1390537313,,912,76.0,2.4986301369863013,금별맥주,최근 1년 누적 리뷰수 기준,12
1516621298,구청점,168,14.0,0.4602739726027397,금별맥주,최근 1년 누적 리뷰수 기준,12
1479645620,은계점,126,10.5,0.3452054794520548,금별맥주,최근 1년 누적 리뷰수 기준,12
1384001087,평내호평역점,174,14.5,0.4767123287671233,금별맥주,최근 1년 누적 리뷰수 기준,12
1866157196,탑동점,171,14.25,0.4684931506849315,금별맥주,최근 1년 누적 리뷰수 기준,12
1821667598,서현점,257,21.416666666666668,0.7041095890410959,금별맥주,최근 1년 누적 리뷰수 기준,12
1326207551,용인역북점,127,10.583333333333334,0.34794520547945207,금별맥주,최근 1년 누적 리뷰수 기준,12
1119031588,,222,18.5,0.6082191780821918,금별맥주,최근 1년 누적 리뷰수 기준,12
1548256786,백석점,174,14.5,0.4767123287671233,금별맥주,최근 1년 누적 리뷰수 기준,12
1736872254,,53,4.416666666666667,0.14520547945205478,금별맥주,최근 1년 누적 리뷰수 기준,12
1504742739,용인보정점,148,12.333333333333334,0.4054794520547945,금별맥주,최근 1년 누적 리뷰수 기준,12
1021328867,야당점,323,26.916666666666668,0.8849315068493151,금별맥주,최근 1년 누적 리뷰수 기준,12
1005285987,산본역점,298,24.833333333333332,0.8164383561643835,금별맥주,최근 1년 누적 리뷰수 기준,12
2035205067,,78,6.5,0.2136986301369863,금별맥주,최근 1년 누적 리뷰수 기준,12
1878005111,수원대점,20,1.6666666666666667,0.0547945205479452,금별맥주,최근 1년 누적 리뷰수 기준,12
1206922924,오산궐동점,53,4.416666666666667,0.14520547945205478,금별맥주,최근 1년 누적 리뷰수 기준,12
1473086261,구래점,299,24.916666666666668,0.8191780821917808,금별맥주,최근 1년 누적 리뷰수 기준,12
1649261391,화정점,270,22.5,0.7397260273972602,금별맥주,최근 1년 누적 리뷰수 기준,12
1636872723,,282,23.5,0.7726027397260274,금별맥주,최근 1년 누적 리뷰수 기준,12
2075104976,금정역점,4,0.3333333333333333,0.010958904109589041,금별맥주,최근 1년 누적 리뷰수 기준,12
1609455973,스타점,223,18.583333333333332,0.6109589041095891,금별맥주,최근 1년 누적 리뷰수 기준,12
1176057446,호매실점,219,18.25,0.6,금별맥주,최근 1년 누적 리뷰수 기준,12
1067019539,김포라베니체점,142,11.833333333333334,0.38904109589041097,금별맥주,최근 1년 누적 리뷰수 기준,12
1786518367,성균관대역점,634,52.833333333333336,1.736986301369863,금별맥주,최근 1년 누적 리뷰수 기준,12
1589643697,송내역점,328,27.333333333333332,0.8986301369863013,금별맥주,최근 1년 누적 리뷰수 기준,12
1689318282,영천점,640,53.333333333333336,1.7534246575342465,금별맥주,최근 1년 누적 리뷰수 기준,12
1793190651,금촌점,62,5.166666666666667,0.16986301369863013,금별맥주,최근 1년 누적 리뷰수 기준,12
1246713796,김포걸포점,252,21.0,0.6904109589041096,금별맥주,최근 1년 누적 리뷰수 기준,12
1464102670,중동점,259,21.583333333333332,0.7095890410958904,금별맥주,최근 1년 누적 리뷰수 기준,12
1955908512,구청점,98,8.166666666666666,0.2684931506849315,금별맥주,최근 1년 누적 리뷰수 기준,12
1203012249,호수공원점,134,11.166666666666666,0.36712328767123287,금별맥주,최근 1년 누적 리뷰수 기준,12
1302373002,수지구청점,582,48.5,1.5945205479452054,금별맥주,최근 1년 누적 리뷰수 기준,12
1520786739,수원망포역점,105,8.75,0.2876712328767123,금별맥주,최근 1년 누적 리뷰수 기준,12
1987203694,마을점,899,74.91666666666667,2.463013698630137,금별맥주,최근 1년 누적 리뷰수 기준,12
1795457581,인덕원역점,74,6.166666666666667,0.20273972602739726,금별맥주,최근 1년 누적 리뷰수 기준,12
1010789905,,128,10.666666666666666,0.3506849315068493,금별맥주,최근 1년 누적 리뷰수 기준,12
1187925231,파주문산점,49,4.083333333333333,0.13424657534246576,금별맥주,최근 1년 누적 리뷰수 기준,12
1877974128,,67,5.583333333333333,0.18356164383561643,금별맥주,최근 1년 누적 리뷰수 기준,12
1118110136,화서점,713,59.416666666666664,1.9534246575342467,금별맥주,최근 1년 누적 리뷰수 기준,12
1687464008,,63,5.25,0.1726027397260274,금별맥주,최근 1년 누적 리뷰수 기준,12
1106422894,병점점,90,7.5,0.2465753424657534,금별맥주,최근 1년 누적 리뷰수 기준,12
1951767302,목감역점,118,9.833333333333334,0.3232876712328767,금별맥주,최근 1년 누적 리뷰수 기준,12
1015428518,원흥점,133,11.083333333333334,0.3643835616438356,금별맥주,최근 1년 누적 리뷰수 기준,12
1576018495,,99,8.25,0.27123287671232876,금별맥주,최근 1년 누적 리뷰수 기준,12
1325790626,정왕점,1090,90.83333333333333,2.9863013698630136,금별맥주,최근 1년 누적 리뷰수 기준,12
1369695595,시흥능곡역점,70,5.833333333333333,0.1917808219178082,금별맥주,최근 1년 누적 리뷰수 기준,12
1263698440,의정부역점,1236,103.0,3.3863013698630136,금별맥주,최근 1년 누적 리뷰수 기준,12
1657568318,야탑역점,295,24.583333333333332,0.8082191780821918,금별맥주,최근 1년 누적 리뷰수 기준,12
1074672431,오목천점,70,5.833333333333333,0.1917808219178082,금별맥주,최근 1년 누적 리뷰수 기준,12
1264429310,직영점,1744,145.33333333333334,4.778082191780822,금별맥주,최근 1년 누적 리뷰수 기준,12
1416373307,,63,5.25,0.1726027397260274,금별맥주,최근 1년 누적 리뷰수 기준,12
1939572336,,834,69.5,2.2849315068493152,금별맥주,최근 1년 누적 리뷰수 기준,12
2025246783,호매실수자인점,146,12.166666666666666,0.4,금별맥주,최근 1년 누적 리뷰수 기준,12
1231349340,마장점,160,13.333333333333334,0.4383561643835616,금별맥주,최근 1년 누적 리뷰수 기준,12
1020139895,풍무점,258,21.5,0.7068493150684931,금별맥주,최근 1년 누적 리뷰수 기준,12
1314343135,역곡점,357,29.75,0.9780821917808219,금별맥주,최근 1년 누적 리뷰수 기준,12
1144831833,,275,22.916666666666668,0.7534246575342466,금별맥주,최근 1년 누적 리뷰수 기준,12
1548169996,동백점,115,9.583333333333334,0.3150684931506849,금별맥주,최근 1년 누적 리뷰수 기준,12
1769471357,수원고색역점,101,8.416666666666666,0.27671232876712326,금별맥주,최근 1년 누적 리뷰수 기준,12
1904029520,,179,14.916666666666666,0.4904109589041096,금별맥주,최근 1년 누적 리뷰수 기준,12
1976292314,모란점,266,22.166666666666668,0.7287671232876712,금별맥주,최근 1년 누적 리뷰수 기준,12
1284647505,,80,6.666666666666667,0.2191780821917808,금별맥주,최근 1년 누적 리뷰수 기준,12
1875835175,목동로데오점,189,15.75,0.5178082191780822,금별맥주,최근 1년 누적 리뷰수 기준,12
1265782586,신정네거리역점,205,17.083333333333332,0.5616438356164384,금별맥주,최근 1년 누적 리뷰수 기준,12
1195530733,사당역점,250,20.833333333333332,0.684931506849315,금별맥주,최근 1년 누적 리뷰수 기준,12
1494938619,교대역점,329,27.416666666666668,0.9013698630136986,금별맥주,최근 1년 누적 리뷰수 기준,12
1215140348,발산역점,593,49.416666666666664,1.6246575342465754,금별맥주,최근 1년 누적 리뷰수 기준,12
1249032365,마곡역점,206,17.166666666666668,0.5643835616438356,금별맥주,최근 1년 누적 리뷰수 기준,12
1418180719,광명역점,1087,90.58333333333333,2.978082191780822,금별맥주,최근 1년 누적 리뷰수 기준,12
1473371787,한대앞역점,241,20.083333333333332,0.6602739726027397,금별맥주,최근 1년 누적 리뷰수 기준,12
1175386565,미금점,267,22.25,0.7315068493150685,금별맥주,최근 1년 누적 리뷰수 기준,12
